sample_name,orig_name,Deer_Name,DeerSpecies,Date,Jdate,location,Pen_Name,center_project_name,BarcodeSequence,center_name,experiment_design_description,extraction_robot,extractionkit_lot,instrument_model,library_construction_protocol,linker,mastermix_lot,pcr_primers,platform,plating,primer,primer_date,primer_plate,processing_robot,project_name,qiita_prep_id,run_center,run_date,run_prefix,runid,sample_plate,sequencing_meth,target_gene,target_subfragment,tm1000_8_tool,tm300_8_tool,tm50_8_tool,water_lot,well_description,well_id
12798.BL8.12.16,BL8.12.16,Belle,Mule Deer,8/12/2016,16225,End Pen (WUF),End Pen (WUF),mule deer,GACCCGTTTCGC,UCSDMI,captivity can alter herbivore gut microbial communities,Carmen_HOWE_KF_4,163051748,Illumina MiSeq,"Illumina EMP protocol 515fbc, 806r amplification of 16S rRNA V4",GT,978215,FWD:GTGYCAGCMGCCGCGGTAA; REV:GGACTACNVGGGTWTCTAAT,Illumina,MB,GTGTGYCAGCMGCCGCGGTAA,62320,4,Echo550,Hayden BSU Herbivore Reruns,10343,UCSDMI,2/12/2021,Hayden_BSU_Herbivore_Reruns_Plate_1-5_w_DHMC_Mills_Plate_2_S1_L001,210212_M05314_0275_000000000_JGYD5,Hayden_BSU_Herbivore_Reruns_Plate_4,Sequencing by synthesis,16S rRNA,V4,NA,NA,NA,RNBJ0628,Hayden_BSU_Herbivore_Reruns_Plate_4_BL8.12.16_B6,B6
12798.BL8.17.16,BL8.17.16,Belle,Mule Deer,8/17/2016,16230,End Pen (WUF),End Pen (WUF),mule deer,ATTGCCTTGATT,UCSDMI,captivity can alter herbivore gut microbial communities,Carmen_HOWE_KF_4,163051748,Illumina MiSeq,"Illumina EMP protocol 515fbc, 806r amplification of 16S rRNA V4",GT,978215,FWD:GTGYCAGCMGCCGCGGTAA; REV:GGACTACNVGGGTWTCTAAT,Illumina,MB,GTGTGYCAGCMGCCGCGGTAA,62320,4,Echo550,Hayden BSU Herbivore Reruns,10343,UCSDMI,2/12/2021,Hayden_BSU_Herbivore_Reruns_Plate_1-5_w_DHMC_Mills_Plate_2_S1_L001,210212_M05314_0275_000000000_JGYD5,Hayden_BSU_Herbivore_Reruns_Plate_4,Sequencing by synthesis,16S rRNA,V4,NA,NA,NA,RNBJ0628,Hayden_BSU_Herbivore_Reruns_Plate_4_BL8.17.16_C6,C6
12798.CL8.12.16,CL8.12.16,Clementine,Mule Deer,8/12/2016,16225,End Pen (WUF),End Pen (WUF),mule deer,GTTCGAGTGAAT,UCSDMI,captivity can alter herbivore gut microbial communities,Carmen_HOWE_KF_4,163051748,Illumina MiSeq,"Illumina EMP protocol 515fbc, 806r amplification of 16S rRNA V4",GT,978215,FWD:GTGYCAGCMGCCGCGGTAA; REV:GGACTACNVGGGTWTCTAAT,Illumina,MB,GTGTGYCAGCMGCCGCGGTAA,62320,4,Echo550,Hayden BSU Herbivore Reruns,10343,UCSDMI,2/12/2021,Hayden_BSU_Herbivore_Reruns_Plate_1-5_w_DHMC_Mills_Plate_2_S1_L001,210212_M05314_0275_000000000_JGYD5,Hayden_BSU_Herbivore_Reruns_Plate_4,Sequencing by synthesis,16S rRNA,V4,NA,NA,NA,RNBJ0628,Hayden_BSU_Herbivore_Reruns_Plate_4_CL8.12.16_F7,F7
12798.CL8.17.16,CL8.17.16,Clementine,Mule Deer,8/17/2016,16230,End Pen (WUF),End Pen (WUF),mule deer,CGGCCTAAGTTC,UCSDMI,captivity can alter herbivore gut microbial communities,Carmen_HOWE_KF_4,163051748,Illumina MiSeq,"Illumina EMP protocol 515fbc, 806r amplification of 16S rRNA V4",GT,978215,FWD:GTGYCAGCMGCCGCGGTAA; REV:GGACTACNVGGGTWTCTAAT,Illumina,MB,GTGTGYCAGCMGCCGCGGTAA,62320,4,Echo550,Hayden BSU Herbivore Reruns,10343,UCSDMI,2/12/2021,Hayden_BSU_Herbivore_Reruns_Plate_1-5_w_DHMC_Mills_Plate_2_S1_L001,210212_M05314_0275_000000000_JGYD5,Hayden_BSU_Herbivore_Reruns_Plate_4,Sequencing by synthesis,16S rRNA,V4,NA,NA,NA,RNBJ0628,Hayden_BSU_Herbivore_Reruns_Plate_4_CL8.17.16_G7,G7
12798.KI8.13.16,KI8.13.16,Kayi,White-tailed,8/13/2016,16226,End Pen (WUF),End Pen (WUF),mule deer,AGCGATTCCTCG,UCSDMI,captivity can alter herbivore gut microbial communities,Carmen_HOWE_KF_4,163051748,Illumina MiSeq,"Illumina EMP protocol 515fbc, 806r amplification of 16S rRNA V4",GT,978215,FWD:GTGYCAGCMGCCGCGGTAA; REV:GGACTACNVGGGTWTCTAAT,Illumina,MB,GTGTGYCAGCMGCCGCGGTAA,62320,4,Echo550,Hayden BSU Herbivore Reruns,10343,UCSDMI,2/12/2021,Hayden_BSU_Herbivore_Reruns_Plate_1-5_w_DHMC_Mills_Plate_2_S1_L001,210212_M05314_0275_000000000_JGYD5,Hayden_BSU_Herbivore_Reruns_Plate_4,Sequencing by synthesis,16S rRNA,V4,NA,NA,NA,RNBJ0628,Hayden_BSU_Herbivore_Reruns_Plate_4_KI8.13.16_E9,E9
12798.KI8.17.16,KI8.17.16,Kayi,White-tailed,8/17/2016,16230,End Pen (WUF),End Pen (WUF),mule deer,CGTGAGGACCAG,UCSDMI,captivity can alter herbivore gut microbial communities,Carmen_HOWE_KF_4,163051748,Illumina MiSeq,"Illumina EMP protocol 515fbc, 806r amplification of 16S rRNA V4",GT,978215,FWD:GTGYCAGCMGCCGCGGTAA; REV:GGACTACNVGGGTWTCTAAT,Illumina,MB,GTGTGYCAGCMGCCGCGGTAA,62320,4,Echo550,Hayden BSU Herbivore Reruns,10343,UCSDMI,2/12/2021,Hayden_BSU_Herbivore_Reruns_Plate_1-5_w_DHMC_Mills_Plate_2_S1_L001,210212_M05314_0275_000000000_JGYD5,Hayden_BSU_Herbivore_Reruns_Plate_4,Sequencing by synthesis,16S rRNA,V4,NA,NA,NA,RNBJ0628,Hayden_BSU_Herbivore_Reruns_Plate_4_KI8.17.16_F9,F9
12798.KS8.12.16,KS8.12.16,Kestrel,Mule Deer,8/12/2016,16225,End Pen (WUF),End Pen (WUF),mule deer,ACCACCGTAACC,UCSDMI,captivity can alter herbivore gut microbial communities,Carmen_HOWE_KF_4,163051748,Illumina MiSeq,"Illumina EMP protocol 515fbc, 806r amplification of 16S rRNA V4",GT,978215,FWD:GTGYCAGCMGCCGCGGTAA; REV:GGACTACNVGGGTWTCTAAT,Illumina,MB,GTGTGYCAGCMGCCGCGGTAA,62320,4,Echo550,Hayden BSU Herbivore Reruns,10343,UCSDMI,2/12/2021,Hayden_BSU_Herbivore_Reruns_Plate_1-5_w_DHMC_Mills_Plate_2_S1_L001,210212_M05314_0275_000000000_JGYD5,Hayden_BSU_Herbivore_Reruns_Plate_4,Sequencing by synthesis,16S rRNA,V4,NA,NA,NA,RNBJ0628,Hayden_BSU_Herbivore_Reruns_Plate_4_KS8.12.16_E10,E10
12798.KS8.17.16,KS8.17.16,Kestrel,Mule Deer,8/17/2016,16230,End Pen (WUF),End Pen (WUF),mule deer,CGGTTGGCGGGT,UCSDMI,captivity can alter herbivore gut microbial communities,Carmen_HOWE_KF_4,163051748,Illumina MiSeq,"Illumina EMP protocol 515fbc, 806r amplification of 16S rRNA V4",GT,978215,FWD:GTGYCAGCMGCCGCGGTAA; REV:GGACTACNVGGGTWTCTAAT,Illumina,MB,GTGTGYCAGCMGCCGCGGTAA,62320,4,Echo550,Hayden BSU Herbivore Reruns,10343,UCSDMI,2/12/2021,Hayden_BSU_Herbivore_Reruns_Plate_1-5_w_DHMC_Mills_Plate_2_S1_L001,210212_M05314_0275_000000000_JGYD5,Hayden_BSU_Herbivore_Reruns_Plate_4,Sequencing by synthesis,16S rRNA,V4,NA,NA,NA,RNBJ0628,Hayden_BSU_Herbivore_Reruns_Plate_4_KS8.17.16_F10,F10
12798.LL8.17.16,LL8.17.16,Lucy,White-tailed,8/17/2016,16230,End Pen (WUF),End Pen (WUF),mule deer,CGCACGTACCTC,UCSDMI,captivity can alter herbivore gut microbial communities,Carmen_HOWE_KF_4,163051748,Illumina MiSeq,"Illumina EMP protocol 515fbc, 806r amplification of 16S rRNA V4",GT,978215,FWD:GTGYCAGCMGCCGCGGTAA; REV:GGACTACNVGGGTWTCTAAT,Illumina,MB,GTGTGYCAGCMGCCGCGGTAA,62320,4,Echo550,Hayden BSU Herbivore Reruns,10343,UCSDMI,2/12/2021,Hayden_BSU_Herbivore_Reruns_Plate_1-5_w_DHMC_Mills_Plate_2_S1_L001,210212_M05314_0275_000000000_JGYD5,Hayden_BSU_Herbivore_Reruns_Plate_4,Sequencing by synthesis,16S rRNA,V4,NA,NA,NA,RNBJ0628,Hayden_BSU_Herbivore_Reruns_Plate_4_LL8.17.16_D11,D11
12798.PP8.12.16,PP8.12.16,Piper,White-tailed,8/12/2016,16225,End Pen (WUF),End Pen (WUF),mule deer,AGTATATGTTTC,UCSDMI,captivity can alter herbivore gut microbial communities,Carmen_HOWE_KF_3,166015887,Illumina MiSeq,"Illumina EMP protocol 515fbc, 806r amplification of 16S rRNA V4",GT,978215,FWD:GTGYCAGCMGCCGCGGTAA; REV:GGACTACNVGGGTWTCTAAT,Illumina,MB,GTGTGYCAGCMGCCGCGGTAA,20121,5,Echo550,Hayden BSU Herbivore Reruns,10343,UCSDMI,2/12/2021,Hayden_BSU_Herbivore_Reruns_Plate_1-5_w_DHMC_Mills_Plate_2_S1_L001,210212_M05314_0275_000000000_JGYD5,Hayden_BSU_Herbivore_Reruns_Plate_5,Sequencing by synthesis,16S rRNA,V4,NA,NA,NA,RNBJ0628,Hayden_BSU_Herbivore_Reruns_Plate_5_PP8.12.16_D1,D1
12798.PP8.17.16,PP8.17.16,Piper,White-tailed,8/17/2016,16230,End Pen (WUF),End Pen (WUF),mule deer,GGCTCGTCGGAG,UCSDMI,captivity can alter herbivore gut microbial communities,Carmen_HOWE_KF_3,166015887,Illumina MiSeq,"Illumina EMP protocol 515fbc, 806r amplification of 16S rRNA V4",GT,978215,FWD:GTGYCAGCMGCCGCGGTAA; REV:GGACTACNVGGGTWTCTAAT,Illumina,MB,GTGTGYCAGCMGCCGCGGTAA,20121,5,Echo550,Hayden BSU Herbivore Reruns,10343,UCSDMI,2/12/2021,Hayden_BSU_Herbivore_Reruns_Plate_1-5_w_DHMC_Mills_Plate_2_S1_L001,210212_M05314_0275_000000000_JGYD5,Hayden_BSU_Herbivore_Reruns_Plate_5,Sequencing by synthesis,16S rRNA,V4,NA,NA,NA,RNBJ0628,Hayden_BSU_Herbivore_Reruns_Plate_5_PP8.17.16_E1,E1
12798.SH8.12.16,SH8.12.16,Shasta,Mule Deer,8/12/2016,16225,End Pen (WUF),End Pen (WUF),mule deer,CTGCGGATATAC,UCSDMI,captivity can alter herbivore gut microbial communities,Carmen_HOWE_KF_3,166015887,Illumina MiSeq,"Illumina EMP protocol 515fbc, 806r amplification of 16S rRNA V4",GT,978215,FWD:GTGYCAGCMGCCGCGGTAA; REV:GGACTACNVGGGTWTCTAAT,Illumina,MB,GTGTGYCAGCMGCCGCGGTAA,20121,5,Echo550,Hayden BSU Herbivore Reruns,10343,UCSDMI,2/12/2021,Hayden_BSU_Herbivore_Reruns_Plate_1-5_w_DHMC_Mills_Plate_2_S1_L001,210212_M05314_0275_000000000_JGYD5,Hayden_BSU_Herbivore_Reruns_Plate_5,Sequencing by synthesis,16S rRNA,V4,NA,NA,NA,RNBJ0628,Hayden_BSU_Herbivore_Reruns_Plate_5_SH8.12.16_F2,F2
12798.SH8.17.16,SH8.17.16,Shasta,Mule Deer,8/17/2016,16230,End Pen (WUF),End Pen (WUF),mule deer,GTGAGGGCAAGT,UCSDMI,captivity can alter herbivore gut microbial communities,Carmen_HOWE_KF_3,166015887,Illumina MiSeq,"Illumina EMP protocol 515fbc, 806r amplification of 16S rRNA V4",GT,978215,FWD:GTGYCAGCMGCCGCGGTAA; REV:GGACTACNVGGGTWTCTAAT,Illumina,MB,GTGTGYCAGCMGCCGCGGTAA,20121,5,Echo550,Hayden BSU Herbivore Reruns,10343,UCSDMI,2/12/2021,Hayden_BSU_Herbivore_Reruns_Plate_1-5_w_DHMC_Mills_Plate_2_S1_L001,210212_M05314_0275_000000000_JGYD5,Hayden_BSU_Herbivore_Reruns_Plate_5,Sequencing by synthesis,16S rRNA,V4,NA,NA,NA,RNBJ0628,Hayden_BSU_Herbivore_Reruns_Plate_5_SH8.17.16_G2,G2
12798.TR8.12.16,TR8.12.16,Trixie,White-tailed,8/12/2016,16225,End Pen (WUF),End Pen (WUF),mule deer,ATTTGGCTCTTA,UCSDMI,captivity can alter herbivore gut microbial communities,Carmen_HOWE_KF_3,166015887,Illumina MiSeq,"Illumina EMP protocol 515fbc, 806r amplification of 16S rRNA V4",GT,978215,FWD:GTGYCAGCMGCCGCGGTAA; REV:GGACTACNVGGGTWTCTAAT,Illumina,MB,GTGTGYCAGCMGCCGCGGTAA,20121,5,Echo550,Hayden BSU Herbivore Reruns,10343,UCSDMI,2/12/2021,Hayden_BSU_Herbivore_Reruns_Plate_1-5_w_DHMC_Mills_Plate_2_S1_L001,210212_M05314_0275_000000000_JGYD5,Hayden_BSU_Herbivore_Reruns_Plate_5,Sequencing by synthesis,16S rRNA,V4,NA,NA,NA,RNBJ0628,Hayden_BSU_Herbivore_Reruns_Plate_5_TR8.12.16_A4,A4
12798.TR8.17.16,TR8.17.16,Trixie,White-tailed,8/17/2016,16230,End Pen (WUF),End Pen (WUF),mule deer,CGCGTCAAACTA,UCSDMI,captivity can alter herbivore gut microbial communities,Carmen_HOWE_KF_3,166015887,Illumina MiSeq,"Illumina EMP protocol 515fbc, 806r amplification of 16S rRNA V4",GT,978215,FWD:GTGYCAGCMGCCGCGGTAA; REV:GGACTACNVGGGTWTCTAAT,Illumina,MB,GTGTGYCAGCMGCCGCGGTAA,20121,5,Echo550,Hayden BSU Herbivore Reruns,10343,UCSDMI,2/12/2021,Hayden_BSU_Herbivore_Reruns_Plate_1-5_w_DHMC_Mills_Plate_2_S1_L001,210212_M05314_0275_000000000_JGYD5,Hayden_BSU_Herbivore_Reruns_Plate_5,Sequencing by synthesis,16S rRNA,V4,NA,NA,NA,RNBJ0628,Hayden_BSU_Herbivore_Reruns_Plate_5_TR8.17.16_B4,B4
12798.ST8.5.16,ST8.5.16,Sydney,Mule Deer,8/5/2016,16218,End Pen (WUF),End Pen (WUF),mule deer,GGCTTCGGAGCG,UCSDMI,captivity can alter herbivore gut microbial communities,Carmen_HOWE_KF_3,166015887,Illumina MiSeq,"Illumina EMP protocol 515fbc, 806r amplification of 16S rRNA V4",GT,978215,FWD:GTGYCAGCMGCCGCGGTAA; REV:GGACTACNVGGGTWTCTAAT,Illumina,MB,GTGTGYCAGCMGCCGCGGTAA,20121,5,Echo550,Hayden BSU Herbivore Reruns,10343,UCSDMI,2/12/2021,Hayden_BSU_Herbivore_Reruns_Plate_1-5_w_DHMC_Mills_Plate_2_S1_L001,210212_M05314_0275_000000000_JGYD5,Hayden_BSU_Herbivore_Reruns_Plate_5,Sequencing by synthesis,16S rRNA,V4,NA,NA,NA,RNBJ0628,Hayden_BSU_Herbivore_Reruns_Plate_5_ST8.5.16_B3,B3
12798.BL6.17.16,BL6.17.16,Belle,Mule Deer,6/17/2016,16169,Natural Pens,Sand Creek,mule deer,CTCATCATGTTC,UCSDMI,captivity can alter herbivore gut microbial communities,Carmen_HOWE_KF_4,163051748,Illumina MiSeq,"Illumina EMP protocol 515fbc, 806r amplification of 16S rRNA V4",GT,978215,FWD:GTGYCAGCMGCCGCGGTAA; REV:GGACTACNVGGGTWTCTAAT,Illumina,MB,GTGTGYCAGCMGCCGCGGTAA,62320,4,Echo550,Hayden BSU Herbivore Reruns,10343,UCSDMI,2/12/2021,Hayden_BSU_Herbivore_Reruns_Plate_1-5_w_DHMC_Mills_Plate_2_S1_L001,210212_M05314_0275_000000000_JGYD5,Hayden_BSU_Herbivore_Reruns_Plate_4,Sequencing by synthesis,16S rRNA,V4,NA,NA,NA,RNBJ0628,Hayden_BSU_Herbivore_Reruns_Plate_4_BL6.17.16_D5,D5
12798.BL6.23.16,BL6.23.16,Belle,Mule Deer,6/23/2016,16175,Natural Pens,Deadman,mule deer,TTATCCAGTCCT,UCSDMI,captivity can alter herbivore gut microbial communities,Carmen_HOWE_KF_4,163051748,Illumina MiSeq,"Illumina EMP protocol 515fbc, 806r amplification of 16S rRNA V4",GT,978215,FWD:GTGYCAGCMGCCGCGGTAA; REV:GGACTACNVGGGTWTCTAAT,Illumina,MB,GTGTGYCAGCMGCCGCGGTAA,62320,4,Echo550,Hayden BSU Herbivore Reruns,10343,UCSDMI,2/12/2021,Hayden_BSU_Herbivore_Reruns_Plate_1-5_w_DHMC_Mills_Plate_2_S1_L001,210212_M05314_0275_000000000_JGYD5,Hayden_BSU_Herbivore_Reruns_Plate_4,Sequencing by synthesis,16S rRNA,V4,NA,NA,NA,RNBJ0628,Hayden_BSU_Herbivore_Reruns_Plate_4_BL6.23.16_E5,E5
12798.BL7.5.16,BL7.5.16,Belle,Mule Deer,7/5/2016,16187,Natural Pens,Hall,mule deer,AGTAGTTTCCTT,UCSDMI,captivity can alter herbivore gut microbial communities,Carmen_HOWE_KF_4,163051748,Illumina MiSeq,"Illumina EMP protocol 515fbc, 806r amplification of 16S rRNA V4",GT,978215,FWD:GTGYCAGCMGCCGCGGTAA; REV:GGACTACNVGGGTWTCTAAT,Illumina,MB,GTGTGYCAGCMGCCGCGGTAA,62320,4,Echo550,Hayden BSU Herbivore Reruns,10343,UCSDMI,2/12/2021,Hayden_BSU_Herbivore_Reruns_Plate_1-5_w_DHMC_Mills_Plate_2_S1_L001,210212_M05314_0275_000000000_JGYD5,Hayden_BSU_Herbivore_Reruns_Plate_4,Sequencing by synthesis,16S rRNA,V4,NA,NA,NA,RNBJ0628,Hayden_BSU_Herbivore_Reruns_Plate_4_BL7.5.16_A6,A6
12798.BL7.19.16,BL7.19.16,Belle,Mule Deer,7/19/2016,16201,Natural Pens,Swansong,mule deer,CATTTACATCAC,UCSDMI,captivity can alter herbivore gut microbial communities,Carmen_HOWE_KF_4,163051748,Illumina MiSeq,"Illumina EMP protocol 515fbc, 806r amplification of 16S rRNA V4",GT,978215,FWD:GTGYCAGCMGCCGCGGTAA; REV:GGACTACNVGGGTWTCTAAT,Illumina,MB,GTGTGYCAGCMGCCGCGGTAA,62320,4,Echo550,Hayden BSU Herbivore Reruns,10343,UCSDMI,2/12/2021,Hayden_BSU_Herbivore_Reruns_Plate_1-5_w_DHMC_Mills_Plate_2_S1_L001,210212_M05314_0275_000000000_JGYD5,Hayden_BSU_Herbivore_Reruns_Plate_4,Sequencing by synthesis,16S rRNA,V4,NA,NA,NA,RNBJ0628,Hayden_BSU_Herbivore_Reruns_Plate_4_BL7.19.16_G5,G5
12798.BL8.2.16,BL8.2.16,Belle,Mule Deer,8/2/2016,16215,Natural Pens,North Sherman,mule deer,TTAGGATTCTAT,UCSDMI,captivity can alter herbivore gut microbial communities,Carmen_HOWE_KF_4,163051748,Illumina MiSeq,"Illumina EMP protocol 515fbc, 806r amplification of 16S rRNA V4",GT,978215,FWD:GTGYCAGCMGCCGCGGTAA; REV:GGACTACNVGGGTWTCTAAT,Illumina,MB,GTGTGYCAGCMGCCGCGGTAA,62320,4,Echo550,Hayden BSU Herbivore Reruns,10343,UCSDMI,2/12/2021,Hayden_BSU_Herbivore_Reruns_Plate_1-5_w_DHMC_Mills_Plate_2_S1_L001,210212_M05314_0275_000000000_JGYD5,Hayden_BSU_Herbivore_Reruns_Plate_4,Sequencing by synthesis,16S rRNA,V4,NA,NA,NA,RNBJ0628,Hayden_BSU_Herbivore_Reruns_Plate_4_BL8.2.16_D6,D6
12798.CL6.14.16,CL6.14.16,Clementine,Mule Deer,6/14/2016,16166,Natural Pens,Sand Creek,mule deer,CTCCCGAGCTCC,UCSDMI,captivity can alter herbivore gut microbial communities,Carmen_HOWE_KF_4,163051748,Illumina MiSeq,"Illumina EMP protocol 515fbc, 806r amplification of 16S rRNA V4",GT,978215,FWD:GTGYCAGCMGCCGCGGTAA; REV:GGACTACNVGGGTWTCTAAT,Illumina,MB,GTGTGYCAGCMGCCGCGGTAA,62320,4,Echo550,Hayden BSU Herbivore Reruns,10343,UCSDMI,2/12/2021,Hayden_BSU_Herbivore_Reruns_Plate_1-5_w_DHMC_Mills_Plate_2_S1_L001,210212_M05314_0275_000000000_JGYD5,Hayden_BSU_Herbivore_Reruns_Plate_4,Sequencing by synthesis,16S rRNA,V4,NA,NA,NA,RNBJ0628,Hayden_BSU_Herbivore_Reruns_Plate_4_CL6.14.16_H6,H6
12798.CL6.17.16,CL6.17.16,Clementine,Mule Deer,6/17/2016,16169,Natural Pens,Sand Creek,mule deer,CAGATCCCAACC,UCSDMI,captivity can alter herbivore gut microbial communities,Carmen_HOWE_KF_4,163051748,Illumina MiSeq,"Illumina EMP protocol 515fbc, 806r amplification of 16S rRNA V4",GT,978215,FWD:GTGYCAGCMGCCGCGGTAA; REV:GGACTACNVGGGTWTCTAAT,Illumina,MB,GTGTGYCAGCMGCCGCGGTAA,62320,4,Echo550,Hayden BSU Herbivore Reruns,10343,UCSDMI,2/12/2021,Hayden_BSU_Herbivore_Reruns_Plate_1-5_w_DHMC_Mills_Plate_2_S1_L001,210212_M05314_0275_000000000_JGYD5,Hayden_BSU_Herbivore_Reruns_Plate_4,Sequencing by synthesis,16S rRNA,V4,NA,NA,NA,RNBJ0628,Hayden_BSU_Herbivore_Reruns_Plate_4_CL6.17.16_A7,A7
12798.CL6.23.16,CL6.23.16,Clementine,Mule Deer,6/23/2016,16175,Natural Pens,Deadman,mule deer,GAGCCCAAAGAG,UCSDMI,captivity can alter herbivore gut microbial communities,Carmen_HOWE_KF_4,163051748,Illumina MiSeq,"Illumina EMP protocol 515fbc, 806r amplification of 16S rRNA V4",GT,978215,FWD:GTGYCAGCMGCCGCGGTAA; REV:GGACTACNVGGGTWTCTAAT,Illumina,MB,GTGTGYCAGCMGCCGCGGTAA,62320,4,Echo550,Hayden BSU Herbivore Reruns,10343,UCSDMI,2/12/2021,Hayden_BSU_Herbivore_Reruns_Plate_1-5_w_DHMC_Mills_Plate_2_S1_L001,210212_M05314_0275_000000000_JGYD5,Hayden_BSU_Herbivore_Reruns_Plate_4,Sequencing by synthesis,16S rRNA,V4,NA,NA,NA,RNBJ0628,Hayden_BSU_Herbivore_Reruns_Plate_4_CL6.23.16_C7,C7
12798.CL7.5.16,CL7.5.16,Clementine,Mule Deer,7/5/2016,16187,Natural Pens,Hall,mule deer,GTTCGCCGCATC,UCSDMI,captivity can alter herbivore gut microbial communities,Carmen_HOWE_KF_4,163051748,Illumina MiSeq,"Illumina EMP protocol 515fbc, 806r amplification of 16S rRNA V4",GT,978215,FWD:GTGYCAGCMGCCGCGGTAA; REV:GGACTACNVGGGTWTCTAAT,Illumina,MB,GTGTGYCAGCMGCCGCGGTAA,62320,4,Echo550,Hayden BSU Herbivore Reruns,10343,UCSDMI,2/12/2021,Hayden_BSU_Herbivore_Reruns_Plate_1-5_w_DHMC_Mills_Plate_2_S1_L001,210212_M05314_0275_000000000_JGYD5,Hayden_BSU_Herbivore_Reruns_Plate_4,Sequencing by synthesis,16S rRNA,V4,NA,NA,NA,RNBJ0628,Hayden_BSU_Herbivore_Reruns_Plate_4_CL7.5.16_E7,E7
12798.CL7.19.16,CL7.19.16,Clementine,Mule Deer,7/19/2016,16201,Natural Pens,Swansong,mule deer,CAACGAACCATC,UCSDMI,captivity can alter herbivore gut microbial communities,Carmen_HOWE_KF_4,163051748,Illumina MiSeq,"Illumina EMP protocol 515fbc, 806r amplification of 16S rRNA V4",GT,978215,FWD:GTGYCAGCMGCCGCGGTAA; REV:GGACTACNVGGGTWTCTAAT,Illumina,MB,GTGTGYCAGCMGCCGCGGTAA,62320,4,Echo550,Hayden BSU Herbivore Reruns,10343,UCSDMI,2/12/2021,Hayden_BSU_Herbivore_Reruns_Plate_1-5_w_DHMC_Mills_Plate_2_S1_L001,210212_M05314_0275_000000000_JGYD5,Hayden_BSU_Herbivore_Reruns_Plate_4,Sequencing by synthesis,16S rRNA,V4,NA,NA,NA,RNBJ0628,Hayden_BSU_Herbivore_Reruns_Plate_4_CL7.19.16_D7,D7
12798.CL8.3.16,CL8.3.16,Clementine,Mule Deer,8/3/2016,16216,Natural Pens,North Sherman,mule deer,TAGACTTCAGAG,UCSDMI,captivity can alter herbivore gut microbial communities,Carmen_HOWE_KF_4,163051748,Illumina MiSeq,"Illumina EMP protocol 515fbc, 806r amplification of 16S rRNA V4",GT,978215,FWD:GTGYCAGCMGCCGCGGTAA; REV:GGACTACNVGGGTWTCTAAT,Illumina,MB,GTGTGYCAGCMGCCGCGGTAA,62320,4,Echo550,Hayden BSU Herbivore Reruns,10343,UCSDMI,2/12/2021,Hayden_BSU_Herbivore_Reruns_Plate_1-5_w_DHMC_Mills_Plate_2_S1_L001,210212_M05314_0275_000000000_JGYD5,Hayden_BSU_Herbivore_Reruns_Plate_4,Sequencing by synthesis,16S rRNA,V4,NA,NA,NA,RNBJ0628,Hayden_BSU_Herbivore_Reruns_Plate_4_CL8.3.16_H7,H7
12798.CS6.17.16,CS6.17.16,Cosette,Mule Deer,6/17/2016,16169,Natural Pens,Sand Creek,mule deer,ACACGTTTGGGT,UCSDMI,captivity can alter herbivore gut microbial communities,Carmen_HOWE_KF_4,163051748,Illumina MiSeq,"Illumina EMP protocol 515fbc, 806r amplification of 16S rRNA V4",GT,978215,FWD:GTGYCAGCMGCCGCGGTAA; REV:GGACTACNVGGGTWTCTAAT,Illumina,MB,GTGTGYCAGCMGCCGCGGTAA,62320,4,Echo550,Hayden BSU Herbivore Reruns,10343,UCSDMI,2/12/2021,Hayden_BSU_Herbivore_Reruns_Plate_1-5_w_DHMC_Mills_Plate_2_S1_L001,210212_M05314_0275_000000000_JGYD5,Hayden_BSU_Herbivore_Reruns_Plate_4,Sequencing by synthesis,16S rRNA,V4,NA,NA,NA,RNBJ0628,Hayden_BSU_Herbivore_Reruns_Plate_4_CS6.17.16_D8,D8
12798.CS6.23.16,CS6.23.16,Cosette,Mule Deer,6/23/2016,16175,Natural Pens,Deadman,mule deer,AGTCCGAGTTGT,UCSDMI,captivity can alter herbivore gut microbial communities,Carmen_HOWE_KF_4,163051748,Illumina MiSeq,"Illumina EMP protocol 515fbc, 806r amplification of 16S rRNA V4",GT,978215,FWD:GTGYCAGCMGCCGCGGTAA; REV:GGACTACNVGGGTWTCTAAT,Illumina,MB,GTGTGYCAGCMGCCGCGGTAA,62320,4,Echo550,Hayden BSU Herbivore Reruns,10343,UCSDMI,2/12/2021,Hayden_BSU_Herbivore_Reruns_Plate_1-5_w_DHMC_Mills_Plate_2_S1_L001,210212_M05314_0275_000000000_JGYD5,Hayden_BSU_Herbivore_Reruns_Plate_4,Sequencing by synthesis,16S rRNA,V4,NA,NA,NA,RNBJ0628,Hayden_BSU_Herbivore_Reruns_Plate_4_CS6.23.16_F8,F8
12798.CR7.6.16,CR7.6.16,Cosette,Mule Deer,7/6/2016,16188,Natural Pens,Hall,mule deer,ACGTTAATATTC,UCSDMI,captivity can alter herbivore gut microbial communities,Carmen_HOWE_KF_4,163051748,Illumina MiSeq,"Illumina EMP protocol 515fbc, 806r amplification of 16S rRNA V4",GT,978215,FWD:GTGYCAGCMGCCGCGGTAA; REV:GGACTACNVGGGTWTCTAAT,Illumina,MB,GTGTGYCAGCMGCCGCGGTAA,62320,4,Echo550,Hayden BSU Herbivore Reruns,10343,UCSDMI,2/12/2021,Hayden_BSU_Herbivore_Reruns_Plate_1-5_w_DHMC_Mills_Plate_2_S1_L001,210212_M05314_0275_000000000_JGYD5,Hayden_BSU_Herbivore_Reruns_Plate_4,Sequencing by synthesis,16S rRNA,V4,NA,NA,NA,RNBJ0628,Hayden_BSU_Herbivore_Reruns_Plate_4_CR7.6.16_B8,B8
12798.KI6.17.16,KI6.17.16,Kayi,White-tailed,6/17/2016,16169,Natural Pens,Sand Creek,mule deer,ACTTAGACTCTT,UCSDMI,captivity can alter herbivore gut microbial communities,Carmen_HOWE_KF_4,163051748,Illumina MiSeq,"Illumina EMP protocol 515fbc, 806r amplification of 16S rRNA V4",GT,978215,FWD:GTGYCAGCMGCCGCGGTAA; REV:GGACTACNVGGGTWTCTAAT,Illumina,MB,GTGTGYCAGCMGCCGCGGTAA,62320,4,Echo550,Hayden BSU Herbivore Reruns,10343,UCSDMI,2/12/2021,Hayden_BSU_Herbivore_Reruns_Plate_1-5_w_DHMC_Mills_Plate_2_S1_L001,210212_M05314_0275_000000000_JGYD5,Hayden_BSU_Herbivore_Reruns_Plate_4,Sequencing by synthesis,16S rRNA,V4,NA,NA,NA,RNBJ0628,Hayden_BSU_Herbivore_Reruns_Plate_4_KI6.17.16_H8,H8
12798.KI6.23.16,KI6.23.16,Kayi,White-tailed,6/23/2016,16175,Natural Pens,Deadman,mule deer,TCTAACGAGTGC,UCSDMI,captivity can alter herbivore gut microbial communities,Carmen_HOWE_KF_4,163051748,Illumina MiSeq,"Illumina EMP protocol 515fbc, 806r amplification of 16S rRNA V4",GT,978215,FWD:GTGYCAGCMGCCGCGGTAA; REV:GGACTACNVGGGTWTCTAAT,Illumina,MB,GTGTGYCAGCMGCCGCGGTAA,62320,4,Echo550,Hayden BSU Herbivore Reruns,10343,UCSDMI,2/12/2021,Hayden_BSU_Herbivore_Reruns_Plate_1-5_w_DHMC_Mills_Plate_2_S1_L001,210212_M05314_0275_000000000_JGYD5,Hayden_BSU_Herbivore_Reruns_Plate_4,Sequencing by synthesis,16S rRNA,V4,NA,NA,NA,RNBJ0628,Hayden_BSU_Herbivore_Reruns_Plate_4_KI6.23.16_B9,B9
12798.KI7.5.16,KI7.5.16,Kayi,White-tailed,7/5/2016,16187,Natural Pens,Hall,mule deer,CGTCGCAGCCTT,UCSDMI,captivity can alter herbivore gut microbial communities,Carmen_HOWE_KF_4,163051748,Illumina MiSeq,"Illumina EMP protocol 515fbc, 806r amplification of 16S rRNA V4",GT,978215,FWD:GTGYCAGCMGCCGCGGTAA; REV:GGACTACNVGGGTWTCTAAT,Illumina,MB,GTGTGYCAGCMGCCGCGGTAA,62320,4,Echo550,Hayden BSU Herbivore Reruns,10343,UCSDMI,2/12/2021,Hayden_BSU_Herbivore_Reruns_Plate_1-5_w_DHMC_Mills_Plate_2_S1_L001,210212_M05314_0275_000000000_JGYD5,Hayden_BSU_Herbivore_Reruns_Plate_4,Sequencing by synthesis,16S rRNA,V4,NA,NA,NA,RNBJ0628,Hayden_BSU_Herbivore_Reruns_Plate_4_KI7.5.16_D9,D9
12798.KI7.19.16,KI7.19.16,Kayi,White-tailed,7/19/2016,16201,Natural Pens,Swansong,mule deer,CGTTCCTTGTTA,UCSDMI,captivity can alter herbivore gut microbial communities,Carmen_HOWE_KF_4,163051748,Illumina MiSeq,"Illumina EMP protocol 515fbc, 806r amplification of 16S rRNA V4",GT,978215,FWD:GTGYCAGCMGCCGCGGTAA; REV:GGACTACNVGGGTWTCTAAT,Illumina,MB,GTGTGYCAGCMGCCGCGGTAA,62320,4,Echo550,Hayden BSU Herbivore Reruns,10343,UCSDMI,2/12/2021,Hayden_BSU_Herbivore_Reruns_Plate_1-5_w_DHMC_Mills_Plate_2_S1_L001,210212_M05314_0275_000000000_JGYD5,Hayden_BSU_Herbivore_Reruns_Plate_4,Sequencing by synthesis,16S rRNA,V4,NA,NA,NA,RNBJ0628,Hayden_BSU_Herbivore_Reruns_Plate_4_KI7.19.16_C9,C9
12798.KI8.2.16,KI8.2.16,Kayi,White-tailed,8/2/2016,16215,Natural Pens,North Sherman,mule deer,AGAGACGCGTAG,UCSDMI,captivity can alter herbivore gut microbial communities,Carmen_HOWE_KF_4,163051748,Illumina MiSeq,"Illumina EMP protocol 515fbc, 806r amplification of 16S rRNA V4",GT,978215,FWD:GTGYCAGCMGCCGCGGTAA; REV:GGACTACNVGGGTWTCTAAT,Illumina,MB,GTGTGYCAGCMGCCGCGGTAA,62320,4,Echo550,Hayden BSU Herbivore Reruns,10343,UCSDMI,2/12/2021,Hayden_BSU_Herbivore_Reruns_Plate_1-5_w_DHMC_Mills_Plate_2_S1_L001,210212_M05314_0275_000000000_JGYD5,Hayden_BSU_Herbivore_Reruns_Plate_4,Sequencing by synthesis,16S rRNA,V4,NA,NA,NA,RNBJ0628,Hayden_BSU_Herbivore_Reruns_Plate_4_KI8.2.16_G9,G9
12798.KS7.5.16,KS7.5.16,Kestrel,Mule Deer,7/5/2016,16187,Natural Pens,Hall,mule deer,CTACTTACATCC,UCSDMI,captivity can alter herbivore gut microbial communities,Carmen_HOWE_KF_4,163051748,Illumina MiSeq,"Illumina EMP protocol 515fbc, 806r amplification of 16S rRNA V4",GT,978215,FWD:GTGYCAGCMGCCGCGGTAA; REV:GGACTACNVGGGTWTCTAAT,Illumina,MB,GTGTGYCAGCMGCCGCGGTAA,62320,4,Echo550,Hayden BSU Herbivore Reruns,10343,UCSDMI,2/12/2021,Hayden_BSU_Herbivore_Reruns_Plate_1-5_w_DHMC_Mills_Plate_2_S1_L001,210212_M05314_0275_000000000_JGYD5,Hayden_BSU_Herbivore_Reruns_Plate_4,Sequencing by synthesis,16S rRNA,V4,NA,NA,NA,RNBJ0628,Hayden_BSU_Herbivore_Reruns_Plate_4_KS7.5.16_D10,D10
12798.KS7.19.16,KS7.19.16,Kestrel,Mule Deer,7/19/2016,16201,Natural Pens,Swansong,mule deer,CGCTAGGATGTT,UCSDMI,captivity can alter herbivore gut microbial communities,Carmen_HOWE_KF_4,163051748,Illumina MiSeq,"Illumina EMP protocol 515fbc, 806r amplification of 16S rRNA V4",GT,978215,FWD:GTGYCAGCMGCCGCGGTAA; REV:GGACTACNVGGGTWTCTAAT,Illumina,MB,GTGTGYCAGCMGCCGCGGTAA,62320,4,Echo550,Hayden BSU Herbivore Reruns,10343,UCSDMI,2/12/2021,Hayden_BSU_Herbivore_Reruns_Plate_1-5_w_DHMC_Mills_Plate_2_S1_L001,210212_M05314_0275_000000000_JGYD5,Hayden_BSU_Herbivore_Reruns_Plate_4,Sequencing by synthesis,16S rRNA,V4,NA,NA,NA,RNBJ0628,Hayden_BSU_Herbivore_Reruns_Plate_4_KS7.19.16_C10,C10
12798.KS8.2.16,KS8.2.16,Kestrel,Mule Deer,8/2/2016,16215,Natural Pens,North Sherman,mule deer,CCACCGGGCCGA,UCSDMI,captivity can alter herbivore gut microbial communities,Carmen_HOWE_KF_4,163051748,Illumina MiSeq,"Illumina EMP protocol 515fbc, 806r amplification of 16S rRNA V4",GT,978215,FWD:GTGYCAGCMGCCGCGGTAA; REV:GGACTACNVGGGTWTCTAAT,Illumina,MB,GTGTGYCAGCMGCCGCGGTAA,62320,4,Echo550,Hayden BSU Herbivore Reruns,10343,UCSDMI,2/12/2021,Hayden_BSU_Herbivore_Reruns_Plate_1-5_w_DHMC_Mills_Plate_2_S1_L001,210212_M05314_0275_000000000_JGYD5,Hayden_BSU_Herbivore_Reruns_Plate_4,Sequencing by synthesis,16S rRNA,V4,NA,NA,NA,RNBJ0628,Hayden_BSU_Herbivore_Reruns_Plate_4_KS8.2.16_G10,G10
12798.LC6.14.16,LC6.14.16,Lucy,White-tailed,6/14/2016,16166,Natural Pens,Sand Creek,mule deer,CCGCCAGCTTTG,UCSDMI,captivity can alter herbivore gut microbial communities,Carmen_HOWE_KF_4,163051748,Illumina MiSeq,"Illumina EMP protocol 515fbc, 806r amplification of 16S rRNA V4",GT,978215,FWD:GTGYCAGCMGCCGCGGTAA; REV:GGACTACNVGGGTWTCTAAT,Illumina,MB,GTGTGYCAGCMGCCGCGGTAA,62320,4,Echo550,Hayden BSU Herbivore Reruns,10343,UCSDMI,2/12/2021,Hayden_BSU_Herbivore_Reruns_Plate_1-5_w_DHMC_Mills_Plate_2_S1_L001,210212_M05314_0275_000000000_JGYD5,Hayden_BSU_Herbivore_Reruns_Plate_4,Sequencing by synthesis,16S rRNA,V4,NA,NA,NA,RNBJ0628,Hayden_BSU_Herbivore_Reruns_Plate_4_LC6.14.16_B11,B11
12798.LC6.17.16,LC6.17.16,Lucy,White-tailed,6/17/2016,16169,Natural Pens,Sand Creek,mule deer,AGCGGTAGCGGT,UCSDMI,captivity can alter herbivore gut microbial communities,Carmen_HOWE_KF_4,163051748,Illumina MiSeq,"Illumina EMP protocol 515fbc, 806r amplification of 16S rRNA V4",GT,978215,FWD:GTGYCAGCMGCCGCGGTAA; REV:GGACTACNVGGGTWTCTAAT,Illumina,MB,GTGTGYCAGCMGCCGCGGTAA,62320,4,Echo550,Hayden BSU Herbivore Reruns,10343,UCSDMI,2/12/2021,Hayden_BSU_Herbivore_Reruns_Plate_1-5_w_DHMC_Mills_Plate_2_S1_L001,210212_M05314_0275_000000000_JGYD5,Hayden_BSU_Herbivore_Reruns_Plate_4,Sequencing by synthesis,16S rRNA,V4,NA,NA,NA,RNBJ0628,Hayden_BSU_Herbivore_Reruns_Plate_4_LC6.17.16_C11,C11
12798.LL6.23.16,LL6.23.16,Lucy,White-tailed,6/23/2016,16175,Natural Pens,Deadman,mule deer,AATCCGGTCACC,UCSDMI,captivity can alter herbivore gut microbial communities,Carmen_HOWE_KF_4,163051748,Illumina MiSeq,"Illumina EMP protocol 515fbc, 806r amplification of 16S rRNA V4",GT,978215,FWD:GTGYCAGCMGCCGCGGTAA; REV:GGACTACNVGGGTWTCTAAT,Illumina,MB,GTGTGYCAGCMGCCGCGGTAA,62320,4,Echo550,Hayden BSU Herbivore Reruns,10343,UCSDMI,2/12/2021,Hayden_BSU_Herbivore_Reruns_Plate_1-5_w_DHMC_Mills_Plate_2_S1_L001,210212_M05314_0275_000000000_JGYD5,Hayden_BSU_Herbivore_Reruns_Plate_4,Sequencing by synthesis,16S rRNA,V4,NA,NA,NA,RNBJ0628,Hayden_BSU_Herbivore_Reruns_Plate_4_LL6.23.16_G11,G11
12798.LL7.5.16,LL7.5.16,Lucy,White-tailed,7/5/2016,16187,Natural Pens,Hall,mule deer,AACGATCATAGA,UCSDMI,captivity can alter herbivore gut microbial communities,Carmen_HOWE_KF_4,163051748,Illumina MiSeq,"Illumina EMP protocol 515fbc, 806r amplification of 16S rRNA V4",GT,978215,FWD:GTGYCAGCMGCCGCGGTAA; REV:GGACTACNVGGGTWTCTAAT,Illumina,MB,GTGTGYCAGCMGCCGCGGTAA,62320,4,Echo550,Hayden BSU Herbivore Reruns,10343,UCSDMI,2/12/2021,Hayden_BSU_Herbivore_Reruns_Plate_1-5_w_DHMC_Mills_Plate_2_S1_L001,210212_M05314_0275_000000000_JGYD5,Hayden_BSU_Herbivore_Reruns_Plate_4,Sequencing by synthesis,16S rRNA,V4,NA,NA,NA,RNBJ0628,Hayden_BSU_Herbivore_Reruns_Plate_4_LL7.5.16_A12,A12
12798.LL7.19.16,LL7.19.16,Lucy,White-tailed,7/19/2016,16201,Natural Pens,Swansong,mule deer,ATACCGTCTTTC,UCSDMI,captivity can alter herbivore gut microbial communities,Carmen_HOWE_KF_4,163051748,Illumina MiSeq,"Illumina EMP protocol 515fbc, 806r amplification of 16S rRNA V4",GT,978215,FWD:GTGYCAGCMGCCGCGGTAA; REV:GGACTACNVGGGTWTCTAAT,Illumina,MB,GTGTGYCAGCMGCCGCGGTAA,62320,4,Echo550,Hayden BSU Herbivore Reruns,10343,UCSDMI,2/12/2021,Hayden_BSU_Herbivore_Reruns_Plate_1-5_w_DHMC_Mills_Plate_2_S1_L001,210212_M05314_0275_000000000_JGYD5,Hayden_BSU_Herbivore_Reruns_Plate_4,Sequencing by synthesis,16S rRNA,V4,NA,NA,NA,RNBJ0628,Hayden_BSU_Herbivore_Reruns_Plate_4_LL7.19.16_H11,H11
12798.LL8.2.16,LL8.2.16,Lucy,White-tailed,8/2/2016,16215,Natural Pens,North Sherman,mule deer,TCATCTTGATTG,UCSDMI,captivity can alter herbivore gut microbial communities,Carmen_HOWE_KF_4,163051748,Illumina MiSeq,"Illumina EMP protocol 515fbc, 806r amplification of 16S rRNA V4",GT,978215,FWD:GTGYCAGCMGCCGCGGTAA; REV:GGACTACNVGGGTWTCTAAT,Illumina,MB,GTGTGYCAGCMGCCGCGGTAA,62320,4,Echo550,Hayden BSU Herbivore Reruns,10343,UCSDMI,2/12/2021,Hayden_BSU_Herbivore_Reruns_Plate_1-5_w_DHMC_Mills_Plate_2_S1_L001,210212_M05314_0275_000000000_JGYD5,Hayden_BSU_Herbivore_Reruns_Plate_4,Sequencing by synthesis,16S rRNA,V4,NA,NA,NA,RNBJ0628,Hayden_BSU_Herbivore_Reruns_Plate_4_LL8.2.16_B12,B12
12798.PP6.14.16,PP6.14.16,Piper,White-tailed,6/14/2016,16166,Natural Pens,Sand Creek,mule deer,TGCCTGCTCGAC,UCSDMI,captivity can alter herbivore gut microbial communities,Carmen_HOWE_KF_4,163051748,Illumina MiSeq,"Illumina EMP protocol 515fbc, 806r amplification of 16S rRNA V4",GT,978215,FWD:GTGYCAGCMGCCGCGGTAA; REV:GGACTACNVGGGTWTCTAAT,Illumina,MB,GTGTGYCAGCMGCCGCGGTAA,62320,4,Echo550,Hayden BSU Herbivore Reruns,10343,UCSDMI,2/12/2021,Hayden_BSU_Herbivore_Reruns_Plate_1-5_w_DHMC_Mills_Plate_2_S1_L001,210212_M05314_0275_000000000_JGYD5,Hayden_BSU_Herbivore_Reruns_Plate_4,Sequencing by synthesis,16S rRNA,V4,NA,NA,NA,RNBJ0628,Hayden_BSU_Herbivore_Reruns_Plate_4_PP6.14.16_F12,F12
12798.PP6.17.16,PP6.17.16,Piper,White-tailed,6/17/2016,16169,Natural Pens,Sand Creek,mule deer,TCTTACCCATAA,UCSDMI,captivity can alter herbivore gut microbial communities,Carmen_HOWE_KF_4,163051748,Illumina MiSeq,"Illumina EMP protocol 515fbc, 806r amplification of 16S rRNA V4",GT,978215,FWD:GTGYCAGCMGCCGCGGTAA; REV:GGACTACNVGGGTWTCTAAT,Illumina,MB,GTGTGYCAGCMGCCGCGGTAA,62320,4,Echo550,Hayden BSU Herbivore Reruns,10343,UCSDMI,2/12/2021,Hayden_BSU_Herbivore_Reruns_Plate_1-5_w_DHMC_Mills_Plate_2_S1_L001,210212_M05314_0275_000000000_JGYD5,Hayden_BSU_Herbivore_Reruns_Plate_4,Sequencing by synthesis,16S rRNA,V4,NA,NA,NA,RNBJ0628,Hayden_BSU_Herbivore_Reruns_Plate_4_PP6.17.16_G12,G12
12798.PP6.23.16,PP6.23.16,Piper,White-tailed,6/23/2016,16175,Natural Pens,Deadman,mule deer,ATGTTAGGGAAT,UCSDMI,captivity can alter herbivore gut microbial communities,Carmen_HOWE_KF_3,166015887,Illumina MiSeq,"Illumina EMP protocol 515fbc, 806r amplification of 16S rRNA V4",GT,978215,FWD:GTGYCAGCMGCCGCGGTAA; REV:GGACTACNVGGGTWTCTAAT,Illumina,MB,GTGTGYCAGCMGCCGCGGTAA,20121,5,Echo550,Hayden BSU Herbivore Reruns,10343,UCSDMI,2/12/2021,Hayden_BSU_Herbivore_Reruns_Plate_1-5_w_DHMC_Mills_Plate_2_S1_L001,210212_M05314_0275_000000000_JGYD5,Hayden_BSU_Herbivore_Reruns_Plate_5,Sequencing by synthesis,16S rRNA,V4,NA,NA,NA,RNBJ0628,Hayden_BSU_Herbivore_Reruns_Plate_5_PP6.23.16_A1,A1
12798.PP7.5.16,PP7.5.16,Piper,White-tailed,7/5/2016,16187,Natural Pens,Hall,mule deer,GTCGTTACCCGC,UCSDMI,captivity can alter herbivore gut microbial communities,Carmen_HOWE_KF_3,166015887,Illumina MiSeq,"Illumina EMP protocol 515fbc, 806r amplification of 16S rRNA V4",GT,978215,FWD:GTGYCAGCMGCCGCGGTAA; REV:GGACTACNVGGGTWTCTAAT,Illumina,MB,GTGTGYCAGCMGCCGCGGTAA,20121,5,Echo550,Hayden BSU Herbivore Reruns,10343,UCSDMI,2/12/2021,Hayden_BSU_Herbivore_Reruns_Plate_1-5_w_DHMC_Mills_Plate_2_S1_L001,210212_M05314_0275_000000000_JGYD5,Hayden_BSU_Herbivore_Reruns_Plate_5,Sequencing by synthesis,16S rRNA,V4,NA,NA,NA,RNBJ0628,Hayden_BSU_Herbivore_Reruns_Plate_5_PP7.5.16_C1,C1
12798.PP7.19.16,PP7.19.16,Piper,White-tailed,7/19/2016,16201,Natural Pens,Swansong,mule deer,AAGTGGCTATCC,UCSDMI,captivity can alter herbivore gut microbial communities,Carmen_HOWE_KF_3,166015887,Illumina MiSeq,"Illumina EMP protocol 515fbc, 806r amplification of 16S rRNA V4",GT,978215,FWD:GTGYCAGCMGCCGCGGTAA; REV:GGACTACNVGGGTWTCTAAT,Illumina,MB,GTGTGYCAGCMGCCGCGGTAA,20121,5,Echo550,Hayden BSU Herbivore Reruns,10343,UCSDMI,2/12/2021,Hayden_BSU_Herbivore_Reruns_Plate_1-5_w_DHMC_Mills_Plate_2_S1_L001,210212_M05314_0275_000000000_JGYD5,Hayden_BSU_Herbivore_Reruns_Plate_5,Sequencing by synthesis,16S rRNA,V4,NA,NA,NA,RNBJ0628,Hayden_BSU_Herbivore_Reruns_Plate_5_PP7.19.16_B1,B1
12798.PP8.2.16,PP8.2.16,Piper,White-tailed,8/2/2016,16215,Natural Pens,North Sherman,mule deer,GACATCTGACAC,UCSDMI,captivity can alter herbivore gut microbial communities,Carmen_HOWE_KF_3,166015887,Illumina MiSeq,"Illumina EMP protocol 515fbc, 806r amplification of 16S rRNA V4",GT,978215,FWD:GTGYCAGCMGCCGCGGTAA; REV:GGACTACNVGGGTWTCTAAT,Illumina,MB,GTGTGYCAGCMGCCGCGGTAA,20121,5,Echo550,Hayden BSU Herbivore Reruns,10343,UCSDMI,2/12/2021,Hayden_BSU_Herbivore_Reruns_Plate_1-5_w_DHMC_Mills_Plate_2_S1_L001,210212_M05314_0275_000000000_JGYD5,Hayden_BSU_Herbivore_Reruns_Plate_5,Sequencing by synthesis,16S rRNA,V4,NA,NA,NA,RNBJ0628,Hayden_BSU_Herbivore_Reruns_Plate_5_PP8.2.16_F1,F1
12798.SH6.25.16,SH6.25.16,Shasta,Mule Deer,6/25/2016,16177,Natural Pens,Deadman,mule deer,CGCAAGCCCGCG,UCSDMI,captivity can alter herbivore gut microbial communities,Carmen_HOWE_KF_3,166015887,Illumina MiSeq,"Illumina EMP protocol 515fbc, 806r amplification of 16S rRNA V4",GT,978215,FWD:GTGYCAGCMGCCGCGGTAA; REV:GGACTACNVGGGTWTCTAAT,Illumina,MB,GTGTGYCAGCMGCCGCGGTAA,20121,5,Echo550,Hayden BSU Herbivore Reruns,10343,UCSDMI,2/12/2021,Hayden_BSU_Herbivore_Reruns_Plate_1-5_w_DHMC_Mills_Plate_2_S1_L001,210212_M05314_0275_000000000_JGYD5,Hayden_BSU_Herbivore_Reruns_Plate_5,Sequencing by synthesis,16S rRNA,V4,NA,NA,NA,RNBJ0628,Hayden_BSU_Herbivore_Reruns_Plate_5_SH6.25.16_C2,C2
12798.SH7.5.16,SH7.5.16,Shasta,Mule Deer,7/5/2016,16187,Natural Pens,Hall,mule deer,ACATGGGCGGAA,UCSDMI,captivity can alter herbivore gut microbial communities,Carmen_HOWE_KF_3,166015887,Illumina MiSeq,"Illumina EMP protocol 515fbc, 806r amplification of 16S rRNA V4",GT,978215,FWD:GTGYCAGCMGCCGCGGTAA; REV:GGACTACNVGGGTWTCTAAT,Illumina,MB,GTGTGYCAGCMGCCGCGGTAA,20121,5,Echo550,Hayden BSU Herbivore Reruns,10343,UCSDMI,2/12/2021,Hayden_BSU_Herbivore_Reruns_Plate_1-5_w_DHMC_Mills_Plate_2_S1_L001,210212_M05314_0275_000000000_JGYD5,Hayden_BSU_Herbivore_Reruns_Plate_5,Sequencing by synthesis,16S rRNA,V4,NA,NA,NA,RNBJ0628,Hayden_BSU_Herbivore_Reruns_Plate_5_SH7.5.16_E2,E2
12798.SH7.19.16,SH7.19.16,Shasta,Mule Deer,7/16/2016,16198,Natural Pens,Swansong,mule deer,AGAGCGGAACAA,UCSDMI,captivity can alter herbivore gut microbial communities,Carmen_HOWE_KF_3,166015887,Illumina MiSeq,"Illumina EMP protocol 515fbc, 806r amplification of 16S rRNA V4",GT,978215,FWD:GTGYCAGCMGCCGCGGTAA; REV:GGACTACNVGGGTWTCTAAT,Illumina,MB,GTGTGYCAGCMGCCGCGGTAA,20121,5,Echo550,Hayden BSU Herbivore Reruns,10343,UCSDMI,2/12/2021,Hayden_BSU_Herbivore_Reruns_Plate_1-5_w_DHMC_Mills_Plate_2_S1_L001,210212_M05314_0275_000000000_JGYD5,Hayden_BSU_Herbivore_Reruns_Plate_5,Sequencing by synthesis,16S rRNA,V4,NA,NA,NA,RNBJ0628,Hayden_BSU_Herbivore_Reruns_Plate_5_SH7.19.16_D2,D2
12798.TR6.17.16,TR6.17.16,Trixie,White-tailed,6/17/2016,16169,Natural Pens,Sand Creek,mule deer,TGCGCGCCTTCC,UCSDMI,captivity can alter herbivore gut microbial communities,Carmen_HOWE_KF_3,166015887,Illumina MiSeq,"Illumina EMP protocol 515fbc, 806r amplification of 16S rRNA V4",GT,978215,FWD:GTGYCAGCMGCCGCGGTAA; REV:GGACTACNVGGGTWTCTAAT,Illumina,MB,GTGTGYCAGCMGCCGCGGTAA,20121,5,Echo550,Hayden BSU Herbivore Reruns,10343,UCSDMI,2/12/2021,Hayden_BSU_Herbivore_Reruns_Plate_1-5_w_DHMC_Mills_Plate_2_S1_L001,210212_M05314_0275_000000000_JGYD5,Hayden_BSU_Herbivore_Reruns_Plate_5,Sequencing by synthesis,16S rRNA,V4,NA,NA,NA,RNBJ0628,Hayden_BSU_Herbivore_Reruns_Plate_5_TR6.17.16_E3,E3
12798.TR6.23.16,TR6.23.16,Trixie,White-tailed,6/23/2016,16175,Natural Pens,Deadman,mule deer,CACGAAAGCAGG,UCSDMI,captivity can alter herbivore gut microbial communities,Carmen_HOWE_KF_3,166015887,Illumina MiSeq,"Illumina EMP protocol 515fbc, 806r amplification of 16S rRNA V4",GT,978215,FWD:GTGYCAGCMGCCGCGGTAA; REV:GGACTACNVGGGTWTCTAAT,Illumina,MB,GTGTGYCAGCMGCCGCGGTAA,20121,5,Echo550,Hayden BSU Herbivore Reruns,10343,UCSDMI,2/12/2021,Hayden_BSU_Herbivore_Reruns_Plate_1-5_w_DHMC_Mills_Plate_2_S1_L001,210212_M05314_0275_000000000_JGYD5,Hayden_BSU_Herbivore_Reruns_Plate_5,Sequencing by synthesis,16S rRNA,V4,NA,NA,NA,RNBJ0628,Hayden_BSU_Herbivore_Reruns_Plate_5_TR6.23.16_G3,G3
12798.TR7.5.16,TR7.5.16,Trixie,White-tailed,7/5/2016,16187,Natural Pens,Hall,mule deer,CGTGGCTTTCCG,UCSDMI,captivity can alter herbivore gut microbial communities,Carmen_HOWE_KF_3,166015887,Illumina MiSeq,"Illumina EMP protocol 515fbc, 806r amplification of 16S rRNA V4",GT,978215,FWD:GTGYCAGCMGCCGCGGTAA; REV:GGACTACNVGGGTWTCTAAT,Illumina,MB,GTGTGYCAGCMGCCGCGGTAA,20121,5,Echo550,Hayden BSU Herbivore Reruns,10343,UCSDMI,2/12/2021,Hayden_BSU_Herbivore_Reruns_Plate_1-5_w_DHMC_Mills_Plate_2_S1_L001,210212_M05314_0275_000000000_JGYD5,Hayden_BSU_Herbivore_Reruns_Plate_5,Sequencing by synthesis,16S rRNA,V4,NA,NA,NA,RNBJ0628,Hayden_BSU_Herbivore_Reruns_Plate_5_TR7.5.16_H3,H3
12798.TR8.2.16,TR8.2.16,Trixie,White-tailed,8/2/2016,16215,Natural Pens,Swansong,mule deer,ATGTTCCTCATC,UCSDMI,captivity can alter herbivore gut microbial communities,Carmen_HOWE_KF_3,166015887,Illumina MiSeq,"Illumina EMP protocol 515fbc, 806r amplification of 16S rRNA V4",GT,978215,FWD:GTGYCAGCMGCCGCGGTAA; REV:GGACTACNVGGGTWTCTAAT,Illumina,MB,GTGTGYCAGCMGCCGCGGTAA,20121,5,Echo550,Hayden BSU Herbivore Reruns,10343,UCSDMI,2/12/2021,Hayden_BSU_Herbivore_Reruns_Plate_1-5_w_DHMC_Mills_Plate_2_S1_L001,210212_M05314_0275_000000000_JGYD5,Hayden_BSU_Herbivore_Reruns_Plate_5,Sequencing by synthesis,16S rRNA,V4,NA,NA,NA,RNBJ0628,Hayden_BSU_Herbivore_Reruns_Plate_5_TR8.2.16_C4,C4
12798.BL8.5.16,BL8.5.16,Belle,Mule Deer,8/5/2016,16218,Post Transition,North Sherman,mule deer,GTTTATCTTAAG,UCSDMI,captivity can alter herbivore gut microbial communities,Carmen_HOWE_KF_4,163051748,Illumina MiSeq,"Illumina EMP protocol 515fbc, 806r amplification of 16S rRNA V4",GT,978215,FWD:GTGYCAGCMGCCGCGGTAA; REV:GGACTACNVGGGTWTCTAAT,Illumina,MB,GTGTGYCAGCMGCCGCGGTAA,62320,4,Echo550,Hayden BSU Herbivore Reruns,10343,UCSDMI,2/12/2021,Hayden_BSU_Herbivore_Reruns_Plate_1-5_w_DHMC_Mills_Plate_2_S1_L001,210212_M05314_0275_000000000_JGYD5,Hayden_BSU_Herbivore_Reruns_Plate_4,Sequencing by synthesis,16S rRNA,V4,NA,NA,NA,RNBJ0628,Hayden_BSU_Herbivore_Reruns_Plate_4_BL8.5.16_E6,E6
12798.BL8.6.16,BL8.6.16,Belle,Mule Deer,8/6/2016,16219,Post Transition,PostTransition (WUF),mule deer,CAGTCTAGTACG,UCSDMI,captivity can alter herbivore gut microbial communities,Carmen_HOWE_KF_4,163051748,Illumina MiSeq,"Illumina EMP protocol 515fbc, 806r amplification of 16S rRNA V4",GT,978215,FWD:GTGYCAGCMGCCGCGGTAA; REV:GGACTACNVGGGTWTCTAAT,Illumina,MB,GTGTGYCAGCMGCCGCGGTAA,62320,4,Echo550,Hayden BSU Herbivore Reruns,10343,UCSDMI,2/12/2021,Hayden_BSU_Herbivore_Reruns_Plate_1-5_w_DHMC_Mills_Plate_2_S1_L001,210212_M05314_0275_000000000_JGYD5,Hayden_BSU_Herbivore_Reruns_Plate_4,Sequencing by synthesis,16S rRNA,V4,NA,NA,NA,RNBJ0628,Hayden_BSU_Herbivore_Reruns_Plate_4_BL8.6.16_F6,F6
12798.CL8.5.16,CL8.5.16,Clementine,Mule Deer,8/5/2016,16218,Post Transition,PostTransition (WUF),mule deer,GATAGCACTCGT,UCSDMI,captivity can alter herbivore gut microbial communities,Carmen_HOWE_KF_4,163051748,Illumina MiSeq,"Illumina EMP protocol 515fbc, 806r amplification of 16S rRNA V4",GT,978215,FWD:GTGYCAGCMGCCGCGGTAA; REV:GGACTACNVGGGTWTCTAAT,Illumina,MB,GTGTGYCAGCMGCCGCGGTAA,62320,4,Echo550,Hayden BSU Herbivore Reruns,10343,UCSDMI,2/12/2021,Hayden_BSU_Herbivore_Reruns_Plate_1-5_w_DHMC_Mills_Plate_2_S1_L001,210212_M05314_0275_000000000_JGYD5,Hayden_BSU_Herbivore_Reruns_Plate_4,Sequencing by synthesis,16S rRNA,V4,NA,NA,NA,RNBJ0628,Hayden_BSU_Herbivore_Reruns_Plate_4_CL8.5.16_A8,A8
12798.KI8.5.16,KI8.5.16,Kayi,White-tailed,8/5/2016,16218,Post Transition,PostTransition (WUF),mule deer,GGACCTGGATGG,UCSDMI,captivity can alter herbivore gut microbial communities,Carmen_HOWE_KF_4,163051748,Illumina MiSeq,"Illumina EMP protocol 515fbc, 806r amplification of 16S rRNA V4",GT,978215,FWD:GTGYCAGCMGCCGCGGTAA; REV:GGACTACNVGGGTWTCTAAT,Illumina,MB,GTGTGYCAGCMGCCGCGGTAA,62320,4,Echo550,Hayden BSU Herbivore Reruns,10343,UCSDMI,2/12/2021,Hayden_BSU_Herbivore_Reruns_Plate_1-5_w_DHMC_Mills_Plate_2_S1_L001,210212_M05314_0275_000000000_JGYD5,Hayden_BSU_Herbivore_Reruns_Plate_4,Sequencing by synthesis,16S rRNA,V4,NA,NA,NA,RNBJ0628,Hayden_BSU_Herbivore_Reruns_Plate_4_KI8.5.16_H9,H9
12798.KI8.6.16,KI8.6.16,Kayi,White-tailed,8/6/2016,16219,Post Transition,PostTransition (WUF),mule deer,TGCTACAGACGT,UCSDMI,captivity can alter herbivore gut microbial communities,Carmen_HOWE_KF_4,163051748,Illumina MiSeq,"Illumina EMP protocol 515fbc, 806r amplification of 16S rRNA V4",GT,978215,FWD:GTGYCAGCMGCCGCGGTAA; REV:GGACTACNVGGGTWTCTAAT,Illumina,MB,GTGTGYCAGCMGCCGCGGTAA,62320,4,Echo550,Hayden BSU Herbivore Reruns,10343,UCSDMI,2/12/2021,Hayden_BSU_Herbivore_Reruns_Plate_1-5_w_DHMC_Mills_Plate_2_S1_L001,210212_M05314_0275_000000000_JGYD5,Hayden_BSU_Herbivore_Reruns_Plate_4,Sequencing by synthesis,16S rRNA,V4,NA,NA,NA,RNBJ0628,Hayden_BSU_Herbivore_Reruns_Plate_4_KI8.6.16_A10,A10
12798.KS8.5.16,KS8.5.16,Kestrel,Mule Deer,8/5/2016,16218,Post Transition,PostTransition (WUF),mule deer,TATGTGCCGGCT,UCSDMI,captivity can alter herbivore gut microbial communities,Carmen_HOWE_KF_4,163051748,Illumina MiSeq,"Illumina EMP protocol 515fbc, 806r amplification of 16S rRNA V4",GT,978215,FWD:GTGYCAGCMGCCGCGGTAA; REV:GGACTACNVGGGTWTCTAAT,Illumina,MB,GTGTGYCAGCMGCCGCGGTAA,62320,4,Echo550,Hayden BSU Herbivore Reruns,10343,UCSDMI,2/12/2021,Hayden_BSU_Herbivore_Reruns_Plate_1-5_w_DHMC_Mills_Plate_2_S1_L001,210212_M05314_0275_000000000_JGYD5,Hayden_BSU_Herbivore_Reruns_Plate_4,Sequencing by synthesis,16S rRNA,V4,NA,NA,NA,RNBJ0628,Hayden_BSU_Herbivore_Reruns_Plate_4_KS8.5.16_H10,H10
12798.KS8.6.16,KS8.6.16,Kestrel,Mule Deer,8/6/2016,16219,Post Transition,PostTransition (WUF),mule deer,AGGTGAGTTCTA,UCSDMI,captivity can alter herbivore gut microbial communities,Carmen_HOWE_KF_4,163051748,Illumina MiSeq,"Illumina EMP protocol 515fbc, 806r amplification of 16S rRNA V4",GT,978215,FWD:GTGYCAGCMGCCGCGGTAA; REV:GGACTACNVGGGTWTCTAAT,Illumina,MB,GTGTGYCAGCMGCCGCGGTAA,62320,4,Echo550,Hayden BSU Herbivore Reruns,10343,UCSDMI,2/12/2021,Hayden_BSU_Herbivore_Reruns_Plate_1-5_w_DHMC_Mills_Plate_2_S1_L001,210212_M05314_0275_000000000_JGYD5,Hayden_BSU_Herbivore_Reruns_Plate_4,Sequencing by synthesis,16S rRNA,V4,NA,NA,NA,RNBJ0628,Hayden_BSU_Herbivore_Reruns_Plate_4_KS8.6.16_A11,A11
12798.LL8.5.16,LL8.5.16,Lucy,White-tailed,8/5/2016,16218,Post Transition,PostTransition (WUF),mule deer,GTCAGTATGGCT,UCSDMI,captivity can alter herbivore gut microbial communities,Carmen_HOWE_KF_4,163051748,Illumina MiSeq,"Illumina EMP protocol 515fbc, 806r amplification of 16S rRNA V4",GT,978215,FWD:GTGYCAGCMGCCGCGGTAA; REV:GGACTACNVGGGTWTCTAAT,Illumina,MB,GTGTGYCAGCMGCCGCGGTAA,62320,4,Echo550,Hayden BSU Herbivore Reruns,10343,UCSDMI,2/12/2021,Hayden_BSU_Herbivore_Reruns_Plate_1-5_w_DHMC_Mills_Plate_2_S1_L001,210212_M05314_0275_000000000_JGYD5,Hayden_BSU_Herbivore_Reruns_Plate_4,Sequencing by synthesis,16S rRNA,V4,NA,NA,NA,RNBJ0628,Hayden_BSU_Herbivore_Reruns_Plate_4_LL8.5.16_C12,C12
12798.LL8.6.16,LL8.6.16,Lucy,White-tailed,8/6/2016,16219,Post Transition,PostTransition (WUF),mule deer,GTCCTCGCGACT,UCSDMI,captivity can alter herbivore gut microbial communities,Carmen_HOWE_KF_4,163051748,Illumina MiSeq,"Illumina EMP protocol 515fbc, 806r amplification of 16S rRNA V4",GT,978215,FWD:GTGYCAGCMGCCGCGGTAA; REV:GGACTACNVGGGTWTCTAAT,Illumina,MB,GTGTGYCAGCMGCCGCGGTAA,62320,4,Echo550,Hayden BSU Herbivore Reruns,10343,UCSDMI,2/12/2021,Hayden_BSU_Herbivore_Reruns_Plate_1-5_w_DHMC_Mills_Plate_2_S1_L001,210212_M05314_0275_000000000_JGYD5,Hayden_BSU_Herbivore_Reruns_Plate_4,Sequencing by synthesis,16S rRNA,V4,NA,NA,NA,RNBJ0628,Hayden_BSU_Herbivore_Reruns_Plate_4_LL8.6.16_D12,D12
12798.PP8.5.16,PP8.5.16,Piper,White-tailed,8/5/2016,16218,Post Transition,PostTransition (WUF),mule deer,AATTTCCTAACA,UCSDMI,captivity can alter herbivore gut microbial communities,Carmen_HOWE_KF_3,166015887,Illumina MiSeq,"Illumina EMP protocol 515fbc, 806r amplification of 16S rRNA V4",GT,978215,FWD:GTGYCAGCMGCCGCGGTAA; REV:GGACTACNVGGGTWTCTAAT,Illumina,MB,GTGTGYCAGCMGCCGCGGTAA,20121,5,Echo550,Hayden BSU Herbivore Reruns,10343,UCSDMI,2/12/2021,Hayden_BSU_Herbivore_Reruns_Plate_1-5_w_DHMC_Mills_Plate_2_S1_L001,210212_M05314_0275_000000000_JGYD5,Hayden_BSU_Herbivore_Reruns_Plate_5,Sequencing by synthesis,16S rRNA,V4,NA,NA,NA,RNBJ0628,Hayden_BSU_Herbivore_Reruns_Plate_5_PP8.5.16_G1,G1
12798.PP8.6.16,PP8.6.16,Piper,White-tailed,8/6/2016,16219,Post Transition,PostTransition (WUF),mule deer,ATAAACGGACAT,UCSDMI,captivity can alter herbivore gut microbial communities,Carmen_HOWE_KF_3,166015887,Illumina MiSeq,"Illumina EMP protocol 515fbc, 806r amplification of 16S rRNA V4",GT,978215,FWD:GTGYCAGCMGCCGCGGTAA; REV:GGACTACNVGGGTWTCTAAT,Illumina,MB,GTGTGYCAGCMGCCGCGGTAA,20121,5,Echo550,Hayden BSU Herbivore Reruns,10343,UCSDMI,2/12/2021,Hayden_BSU_Herbivore_Reruns_Plate_1-5_w_DHMC_Mills_Plate_2_S1_L001,210212_M05314_0275_000000000_JGYD5,Hayden_BSU_Herbivore_Reruns_Plate_5,Sequencing by synthesis,16S rRNA,V4,NA,NA,NA,RNBJ0628,Hayden_BSU_Herbivore_Reruns_Plate_5_PP8.6.16_H1,H1
12798.SH8.5.16,SH8.5.16,Shasta,Mule Deer,8/5/2016,16218,Post Transition,PostTransition (WUF),mule deer,ATATTGGCAGCC,UCSDMI,captivity can alter herbivore gut microbial communities,Carmen_HOWE_KF_3,166015887,Illumina MiSeq,"Illumina EMP protocol 515fbc, 806r amplification of 16S rRNA V4",GT,978215,FWD:GTGYCAGCMGCCGCGGTAA; REV:GGACTACNVGGGTWTCTAAT,Illumina,MB,GTGTGYCAGCMGCCGCGGTAA,20121,5,Echo550,Hayden BSU Herbivore Reruns,10343,UCSDMI,2/12/2021,Hayden_BSU_Herbivore_Reruns_Plate_1-5_w_DHMC_Mills_Plate_2_S1_L001,210212_M05314_0275_000000000_JGYD5,Hayden_BSU_Herbivore_Reruns_Plate_5,Sequencing by synthesis,16S rRNA,V4,NA,NA,NA,RNBJ0628,Hayden_BSU_Herbivore_Reruns_Plate_5_SH8.5.16_H2,H2
12798.SH8.6.16,SH8.6.16,Shasta,Mule Deer,8/6/2016,16219,Post Transition,PostTransition (WUF),mule deer,TCATCCGTCGGC,UCSDMI,captivity can alter herbivore gut microbial communities,Carmen_HOWE_KF_3,166015887,Illumina MiSeq,"Illumina EMP protocol 515fbc, 806r amplification of 16S rRNA V4",GT,978215,FWD:GTGYCAGCMGCCGCGGTAA; REV:GGACTACNVGGGTWTCTAAT,Illumina,MB,GTGTGYCAGCMGCCGCGGTAA,20121,5,Echo550,Hayden BSU Herbivore Reruns,10343,UCSDMI,2/12/2021,Hayden_BSU_Herbivore_Reruns_Plate_1-5_w_DHMC_Mills_Plate_2_S1_L001,210212_M05314_0275_000000000_JGYD5,Hayden_BSU_Herbivore_Reruns_Plate_5,Sequencing by synthesis,16S rRNA,V4,NA,NA,NA,RNBJ0628,Hayden_BSU_Herbivore_Reruns_Plate_5_SH8.6.16_A3,A3
12798.TR8.5.16,TR8.5.16,Trixie,White-tailed,8/5/2016,16218,Post Transition,PostTransition (WUF),mule deer,TCCGTGGTATAG,UCSDMI,captivity can alter herbivore gut microbial communities,Carmen_HOWE_KF_3,166015887,Illumina MiSeq,"Illumina EMP protocol 515fbc, 806r amplification of 16S rRNA V4",GT,978215,FWD:GTGYCAGCMGCCGCGGTAA; REV:GGACTACNVGGGTWTCTAAT,Illumina,MB,GTGTGYCAGCMGCCGCGGTAA,20121,5,Echo550,Hayden BSU Herbivore Reruns,10343,UCSDMI,2/12/2021,Hayden_BSU_Herbivore_Reruns_Plate_1-5_w_DHMC_Mills_Plate_2_S1_L001,210212_M05314_0275_000000000_JGYD5,Hayden_BSU_Herbivore_Reruns_Plate_5,Sequencing by synthesis,16S rRNA,V4,NA,NA,NA,RNBJ0628,Hayden_BSU_Herbivore_Reruns_Plate_5_TR8.5.16_D4,D4
12798.TR8.6.16,TR8.6.16,Trixie,White-tailed,8/6/2016,16219,Post Transition,PostTransition (WUF),mule deer,GTTGGTTGGCAT,UCSDMI,captivity can alter herbivore gut microbial communities,Carmen_HOWE_KF_3,166015887,Illumina MiSeq,"Illumina EMP protocol 515fbc, 806r amplification of 16S rRNA V4",GT,978215,FWD:GTGYCAGCMGCCGCGGTAA; REV:GGACTACNVGGGTWTCTAAT,Illumina,MB,GTGTGYCAGCMGCCGCGGTAA,20121,5,Echo550,Hayden BSU Herbivore Reruns,10343,UCSDMI,2/12/2021,Hayden_BSU_Herbivore_Reruns_Plate_1-5_w_DHMC_Mills_Plate_2_S1_L001,210212_M05314_0275_000000000_JGYD5,Hayden_BSU_Herbivore_Reruns_Plate_5,Sequencing by synthesis,16S rRNA,V4,NA,NA,NA,RNBJ0628,Hayden_BSU_Herbivore_Reruns_Plate_5_TR8.6.16_E4,E4
12798.BL6.3.16,BL6.3.16,Belle,Mule Deer,6/3/2016,16155,Pre Transition,PreTransition (Malo),mule deer,GAGTCTTGGTAA,UCSDMI,captivity can alter herbivore gut microbial communities,Carmen_HOWE_KF_4,163051748,Illumina MiSeq,"Illumina EMP protocol 515fbc, 806r amplification of 16S rRNA V4",GT,978215,FWD:GTGYCAGCMGCCGCGGTAA; REV:GGACTACNVGGGTWTCTAAT,Illumina,MB,GTGTGYCAGCMGCCGCGGTAA,62320,4,Echo550,Hayden BSU Herbivore Reruns,10343,UCSDMI,2/12/2021,Hayden_BSU_Herbivore_Reruns_Plate_1-5_w_DHMC_Mills_Plate_2_S1_L001,210212_M05314_0275_000000000_JGYD5,Hayden_BSU_Herbivore_Reruns_Plate_4,Sequencing by synthesis,16S rRNA,V4,NA,NA,NA,RNBJ0628,Hayden_BSU_Herbivore_Reruns_Plate_4_BL6.3.16_F5,F5
12798.CL6.2.16,CL6.2.16,Clementine,Mule Deer,6/2/2016,16154,Pre Transition,PreTransition (Malo),mule deer,TGACTGCGTTAG,UCSDMI,captivity can alter herbivore gut microbial communities,Carmen_HOWE_KF_4,163051748,Illumina MiSeq,"Illumina EMP protocol 515fbc, 806r amplification of 16S rRNA V4",GT,978215,FWD:GTGYCAGCMGCCGCGGTAA; REV:GGACTACNVGGGTWTCTAAT,Illumina,MB,GTGTGYCAGCMGCCGCGGTAA,62320,4,Echo550,Hayden BSU Herbivore Reruns,10343,UCSDMI,2/12/2021,Hayden_BSU_Herbivore_Reruns_Plate_1-5_w_DHMC_Mills_Plate_2_S1_L001,210212_M05314_0275_000000000_JGYD5,Hayden_BSU_Herbivore_Reruns_Plate_4,Sequencing by synthesis,16S rRNA,V4,NA,NA,NA,RNBJ0628,Hayden_BSU_Herbivore_Reruns_Plate_4_CL6.2.16_B7,B7
12798.CS6.2.16,CS6.2.16,Cosette,Mule Deer,6/2/2016,16154,Pre Transition,PreTransition (Malo),mule deer,AGACTATTTCAT,UCSDMI,captivity can alter herbivore gut microbial communities,Carmen_HOWE_KF_4,163051748,Illumina MiSeq,"Illumina EMP protocol 515fbc, 806r amplification of 16S rRNA V4",GT,978215,FWD:GTGYCAGCMGCCGCGGTAA; REV:GGACTACNVGGGTWTCTAAT,Illumina,MB,GTGTGYCAGCMGCCGCGGTAA,62320,4,Echo550,Hayden BSU Herbivore Reruns,10343,UCSDMI,2/12/2021,Hayden_BSU_Herbivore_Reruns_Plate_1-5_w_DHMC_Mills_Plate_2_S1_L001,210212_M05314_0275_000000000_JGYD5,Hayden_BSU_Herbivore_Reruns_Plate_4,Sequencing by synthesis,16S rRNA,V4,NA,NA,NA,RNBJ0628,Hayden_BSU_Herbivore_Reruns_Plate_4_CS6.2.16_E8,E8
12798.KI6.2.16,KI6.2.16,Kayi,White-tailed,6/2/2016,16154,Pre Transition,PreTransition (Malo),mule deer,GTAATTGTAATT,UCSDMI,captivity can alter herbivore gut microbial communities,Carmen_HOWE_KF_4,163051748,Illumina MiSeq,"Illumina EMP protocol 515fbc, 806r amplification of 16S rRNA V4",GT,978215,FWD:GTGYCAGCMGCCGCGGTAA; REV:GGACTACNVGGGTWTCTAAT,Illumina,MB,GTGTGYCAGCMGCCGCGGTAA,62320,4,Echo550,Hayden BSU Herbivore Reruns,10343,UCSDMI,2/12/2021,Hayden_BSU_Herbivore_Reruns_Plate_1-5_w_DHMC_Mills_Plate_2_S1_L001,210212_M05314_0275_000000000_JGYD5,Hayden_BSU_Herbivore_Reruns_Plate_4,Sequencing by synthesis,16S rRNA,V4,NA,NA,NA,RNBJ0628,Hayden_BSU_Herbivore_Reruns_Plate_4_KI6.2.16_A9,A9
12798.LL6.2.16,LL6.2.16,Lucy,White-tailed,6/2/2016,16154,Pre Transition,PreTransition (Malo),mule deer,CGATTCCTTAAT,UCSDMI,captivity can alter herbivore gut microbial communities,Carmen_HOWE_KF_4,163051748,Illumina MiSeq,"Illumina EMP protocol 515fbc, 806r amplification of 16S rRNA V4",GT,978215,FWD:GTGYCAGCMGCCGCGGTAA; REV:GGACTACNVGGGTWTCTAAT,Illumina,MB,GTGTGYCAGCMGCCGCGGTAA,62320,4,Echo550,Hayden BSU Herbivore Reruns,10343,UCSDMI,2/12/2021,Hayden_BSU_Herbivore_Reruns_Plate_1-5_w_DHMC_Mills_Plate_2_S1_L001,210212_M05314_0275_000000000_JGYD5,Hayden_BSU_Herbivore_Reruns_Plate_4,Sequencing by synthesis,16S rRNA,V4,NA,NA,NA,RNBJ0628,Hayden_BSU_Herbivore_Reruns_Plate_4_LL6.2.16_F11,F11
12798.PP6.2.16,PP6.2.16,Piper,White-tailed,6/2/2016,16154,Pre Transition,PreTransition (Malo),mule deer,TGTGCTTGTAGG,UCSDMI,captivity can alter herbivore gut microbial communities,Carmen_HOWE_KF_4,163051748,Illumina MiSeq,"Illumina EMP protocol 515fbc, 806r amplification of 16S rRNA V4",GT,978215,FWD:GTGYCAGCMGCCGCGGTAA; REV:GGACTACNVGGGTWTCTAAT,Illumina,MB,GTGTGYCAGCMGCCGCGGTAA,62320,4,Echo550,Hayden BSU Herbivore Reruns,10343,UCSDMI,2/12/2021,Hayden_BSU_Herbivore_Reruns_Plate_1-5_w_DHMC_Mills_Plate_2_S1_L001,210212_M05314_0275_000000000_JGYD5,Hayden_BSU_Herbivore_Reruns_Plate_4,Sequencing by synthesis,16S rRNA,V4,NA,NA,NA,RNBJ0628,Hayden_BSU_Herbivore_Reruns_Plate_4_PP6.2.16_H12,H12
12798.SH6.2.16,SH6.2.16,Shasta,Mule Deer,6/2/2016,16154,Pre Transition,PreTransition (Malo),mule deer,ACTAGTTGGACC,UCSDMI,captivity can alter herbivore gut microbial communities,Carmen_HOWE_KF_3,166015887,Illumina MiSeq,"Illumina EMP protocol 515fbc, 806r amplification of 16S rRNA V4",GT,978215,FWD:GTGYCAGCMGCCGCGGTAA; REV:GGACTACNVGGGTWTCTAAT,Illumina,MB,GTGTGYCAGCMGCCGCGGTAA,20121,5,Echo550,Hayden BSU Herbivore Reruns,10343,UCSDMI,2/12/2021,Hayden_BSU_Herbivore_Reruns_Plate_1-5_w_DHMC_Mills_Plate_2_S1_L001,210212_M05314_0275_000000000_JGYD5,Hayden_BSU_Herbivore_Reruns_Plate_5,Sequencing by synthesis,16S rRNA,V4,NA,NA,NA,RNBJ0628,Hayden_BSU_Herbivore_Reruns_Plate_5_SH6.2.16_B2,B2
12798.TR6.2.16,TR6.2.16,Trixie,White-tailed,6/2/2016,16154,Pre Transition,PreTransition (Malo),mule deer,GCGCACACCTTC,UCSDMI,captivity can alter herbivore gut microbial communities,Carmen_HOWE_KF_3,166015887,Illumina MiSeq,"Illumina EMP protocol 515fbc, 806r amplification of 16S rRNA V4",GT,978215,FWD:GTGYCAGCMGCCGCGGTAA; REV:GGACTACNVGGGTWTCTAAT,Illumina,MB,GTGTGYCAGCMGCCGCGGTAA,20121,5,Echo550,Hayden BSU Herbivore Reruns,10343,UCSDMI,2/12/2021,Hayden_BSU_Herbivore_Reruns_Plate_1-5_w_DHMC_Mills_Plate_2_S1_L001,210212_M05314_0275_000000000_JGYD5,Hayden_BSU_Herbivore_Reruns_Plate_5,Sequencing by synthesis,16S rRNA,V4,NA,NA,NA,RNBJ0628,Hayden_BSU_Herbivore_Reruns_Plate_5_TR6.2.16_F3,F3
12798.BL5.20.16,BL5.20.16,Belle,Mule Deer,5/20/2016,16141,Start Pen (WUF),Start Pen (WUF),mule deer,GAATCTGACAAC,UCSDMI,captivity can alter herbivore gut microbial communities,Carmen_HOWE_KF_4,163051748,Illumina MiSeq,"Illumina EMP protocol 515fbc, 806r amplification of 16S rRNA V4",GT,978215,FWD:GTGYCAGCMGCCGCGGTAA; REV:GGACTACNVGGGTWTCTAAT,Illumina,MB,GTGTGYCAGCMGCCGCGGTAA,62320,4,Echo550,Hayden BSU Herbivore Reruns,10343,UCSDMI,2/12/2021,Hayden_BSU_Herbivore_Reruns_Plate_1-5_w_DHMC_Mills_Plate_2_S1_L001,210212_M05314_0275_000000000_JGYD5,Hayden_BSU_Herbivore_Reruns_Plate_4,Sequencing by synthesis,16S rRNA,V4,NA,NA,NA,RNBJ0628,Hayden_BSU_Herbivore_Reruns_Plate_4_BL5.20.16_C5,C5
12798.CL5.2.16,CL5.2.16,Clementine,Mule Deer,5/20/2016,16141,Start Pen (WUF),Start Pen (WUF),mule deer,GTGGGACTGCGC,UCSDMI,captivity can alter herbivore gut microbial communities,Carmen_HOWE_KF_4,163051748,Illumina MiSeq,"Illumina EMP protocol 515fbc, 806r amplification of 16S rRNA V4",GT,978215,FWD:GTGYCAGCMGCCGCGGTAA; REV:GGACTACNVGGGTWTCTAAT,Illumina,MB,GTGTGYCAGCMGCCGCGGTAA,62320,4,Echo550,Hayden BSU Herbivore Reruns,10343,UCSDMI,2/12/2021,Hayden_BSU_Herbivore_Reruns_Plate_1-5_w_DHMC_Mills_Plate_2_S1_L001,210212_M05314_0275_000000000_JGYD5,Hayden_BSU_Herbivore_Reruns_Plate_4,Sequencing by synthesis,16S rRNA,V4,NA,NA,NA,RNBJ0628,Hayden_BSU_Herbivore_Reruns_Plate_4_CL5.2.16_G6,G6
12798.CS5.20.16,CS5.20.16,Cosette,Mule Deer,5/20/2016,16141,Start Pen (WUF),Start Pen (WUF),mule deer,CCATGTGGCTCC,UCSDMI,captivity can alter herbivore gut microbial communities,Carmen_HOWE_KF_4,163051748,Illumina MiSeq,"Illumina EMP protocol 515fbc, 806r amplification of 16S rRNA V4",GT,978215,FWD:GTGYCAGCMGCCGCGGTAA; REV:GGACTACNVGGGTWTCTAAT,Illumina,MB,GTGTGYCAGCMGCCGCGGTAA,62320,4,Echo550,Hayden BSU Herbivore Reruns,10343,UCSDMI,2/12/2021,Hayden_BSU_Herbivore_Reruns_Plate_1-5_w_DHMC_Mills_Plate_2_S1_L001,210212_M05314_0275_000000000_JGYD5,Hayden_BSU_Herbivore_Reruns_Plate_4,Sequencing by synthesis,16S rRNA,V4,NA,NA,NA,RNBJ0628,Hayden_BSU_Herbivore_Reruns_Plate_4_CS5.20.16_C8,C8
12798.KI5.20.16,KI5.20.16,Kayi,White-tailed,5/20/2016,16141,Start Pen (WUF),Start Pen (WUF),mule deer,GCTGAGCCTTTG,UCSDMI,captivity can alter herbivore gut microbial communities,Carmen_HOWE_KF_4,163051748,Illumina MiSeq,"Illumina EMP protocol 515fbc, 806r amplification of 16S rRNA V4",GT,978215,FWD:GTGYCAGCMGCCGCGGTAA; REV:GGACTACNVGGGTWTCTAAT,Illumina,MB,GTGTGYCAGCMGCCGCGGTAA,62320,4,Echo550,Hayden BSU Herbivore Reruns,10343,UCSDMI,2/12/2021,Hayden_BSU_Herbivore_Reruns_Plate_1-5_w_DHMC_Mills_Plate_2_S1_L001,210212_M05314_0275_000000000_JGYD5,Hayden_BSU_Herbivore_Reruns_Plate_4,Sequencing by synthesis,16S rRNA,V4,NA,NA,NA,RNBJ0628,Hayden_BSU_Herbivore_Reruns_Plate_4_KI5.20.16_G8,G8
12798.KS5.20.16,KS5.20.16,Kestrel,Mule Deer,5/20/2016,16141,Start Pen (WUF),Start Pen (WUF),mule deer,GATCCCACGTAC,UCSDMI,captivity can alter herbivore gut microbial communities,Carmen_HOWE_KF_4,163051748,Illumina MiSeq,"Illumina EMP protocol 515fbc, 806r amplification of 16S rRNA V4",GT,978215,FWD:GTGYCAGCMGCCGCGGTAA; REV:GGACTACNVGGGTWTCTAAT,Illumina,MB,GTGTGYCAGCMGCCGCGGTAA,62320,4,Echo550,Hayden BSU Herbivore Reruns,10343,UCSDMI,2/12/2021,Hayden_BSU_Herbivore_Reruns_Plate_1-5_w_DHMC_Mills_Plate_2_S1_L001,210212_M05314_0275_000000000_JGYD5,Hayden_BSU_Herbivore_Reruns_Plate_4,Sequencing by synthesis,16S rRNA,V4,NA,NA,NA,RNBJ0628,Hayden_BSU_Herbivore_Reruns_Plate_4_KS5.20.16_B10,B10
12798.LL5.20.16,LL5.20.16,Lucy,White-tailed,5/20/2016,16141,Start Pen (WUF),Start Pen (WUF),mule deer,AGGAAGTAACTT,UCSDMI,captivity can alter herbivore gut microbial communities,Carmen_HOWE_KF_4,163051748,Illumina MiSeq,"Illumina EMP protocol 515fbc, 806r amplification of 16S rRNA V4",GT,978215,FWD:GTGYCAGCMGCCGCGGTAA; REV:GGACTACNVGGGTWTCTAAT,Illumina,MB,GTGTGYCAGCMGCCGCGGTAA,62320,4,Echo550,Hayden BSU Herbivore Reruns,10343,UCSDMI,2/12/2021,Hayden_BSU_Herbivore_Reruns_Plate_1-5_w_DHMC_Mills_Plate_2_S1_L001,210212_M05314_0275_000000000_JGYD5,Hayden_BSU_Herbivore_Reruns_Plate_4,Sequencing by synthesis,16S rRNA,V4,NA,NA,NA,RNBJ0628,Hayden_BSU_Herbivore_Reruns_Plate_4_LL5.20.16_E11,E11
12798.PP5.20.16,PP5.20.16,Piper,White-tailed,5/20/2016,16141,Start Pen (WUF),Start Pen (WUF),mule deer,CGTTCGCTAGCC,UCSDMI,captivity can alter herbivore gut microbial communities,Carmen_HOWE_KF_4,163051748,Illumina MiSeq,"Illumina EMP protocol 515fbc, 806r amplification of 16S rRNA V4",GT,978215,FWD:GTGYCAGCMGCCGCGGTAA; REV:GGACTACNVGGGTWTCTAAT,Illumina,MB,GTGTGYCAGCMGCCGCGGTAA,62320,4,Echo550,Hayden BSU Herbivore Reruns,10343,UCSDMI,2/12/2021,Hayden_BSU_Herbivore_Reruns_Plate_1-5_w_DHMC_Mills_Plate_2_S1_L001,210212_M05314_0275_000000000_JGYD5,Hayden_BSU_Herbivore_Reruns_Plate_4,Sequencing by synthesis,16S rRNA,V4,NA,NA,NA,RNBJ0628,Hayden_BSU_Herbivore_Reruns_Plate_4_PP5.20.16_E12,E12
12798.SH5.20.16,SH5.20.16,Shasta,Mule Deer,5/20/2016,16141,Start Pen (WUF),Start Pen (WUF),mule deer,GCTAGTTATGGA,UCSDMI,captivity can alter herbivore gut microbial communities,Carmen_HOWE_KF_3,166015887,Illumina MiSeq,"Illumina EMP protocol 515fbc, 806r amplification of 16S rRNA V4",GT,978215,FWD:GTGYCAGCMGCCGCGGTAA; REV:GGACTACNVGGGTWTCTAAT,Illumina,MB,GTGTGYCAGCMGCCGCGGTAA,20121,5,Echo550,Hayden BSU Herbivore Reruns,10343,UCSDMI,2/12/2021,Hayden_BSU_Herbivore_Reruns_Plate_1-5_w_DHMC_Mills_Plate_2_S1_L001,210212_M05314_0275_000000000_JGYD5,Hayden_BSU_Herbivore_Reruns_Plate_5,Sequencing by synthesis,16S rRNA,V4,NA,NA,NA,RNBJ0628,Hayden_BSU_Herbivore_Reruns_Plate_5_SH5.20.16_A2,A2
12798.TR5.20.16,TR5.20.16,Trixie,White-tailed,5/20/2016,16141,Start Pen (WUF),Start Pen (WUF),mule deer,TCCGCTGCTGAC,UCSDMI,captivity can alter herbivore gut microbial communities,Carmen_HOWE_KF_3,166015887,Illumina MiSeq,"Illumina EMP protocol 515fbc, 806r amplification of 16S rRNA V4",GT,978215,FWD:GTGYCAGCMGCCGCGGTAA; REV:GGACTACNVGGGTWTCTAAT,Illumina,MB,GTGTGYCAGCMGCCGCGGTAA,20121,5,Echo550,Hayden BSU Herbivore Reruns,10343,UCSDMI,2/12/2021,Hayden_BSU_Herbivore_Reruns_Plate_1-5_w_DHMC_Mills_Plate_2_S1_L001,210212_M05314_0275_000000000_JGYD5,Hayden_BSU_Herbivore_Reruns_Plate_5,Sequencing by synthesis,16S rRNA,V4,NA,NA,NA,RNBJ0628,Hayden_BSU_Herbivore_Reruns_Plate_5_TR5.20.16_D3,D3
12798.SY5.20.16,SY5.20.16,Sydney,Mule Deer,5/20/2016,16141,Start Pen (WUF),Start Pen (WUF),mule deer,CGGTCAATTGAC,UCSDMI,captivity can alter herbivore gut microbial communities,Carmen_HOWE_KF_3,166015887,Illumina MiSeq,"Illumina EMP protocol 515fbc, 806r amplification of 16S rRNA V4",GT,978215,FWD:GTGYCAGCMGCCGCGGTAA; REV:GGACTACNVGGGTWTCTAAT,Illumina,MB,GTGTGYCAGCMGCCGCGGTAA,20121,5,Echo550,Hayden BSU Herbivore Reruns,10343,UCSDMI,2/12/2021,Hayden_BSU_Herbivore_Reruns_Plate_1-5_w_DHMC_Mills_Plate_2_S1_L001,210212_M05314_0275_000000000_JGYD5,Hayden_BSU_Herbivore_Reruns_Plate_5,Sequencing by synthesis,16S rRNA,V4,NA,NA,NA,RNBJ0628,Hayden_BSU_Herbivore_Reruns_Plate_5_SY5.20.16_C3,C3
12798.BLANK4.4A,BLANK4.4A,Blank,NA,NA,#VALUE!,,,mule deer,CTCCGAACAACA,UCSDMI,captivity can alter herbivore gut microbial communities,Carmen_HOWE_KF_4,163051748,Illumina MiSeq,"Illumina EMP protocol 515fbc, 806r amplification of 16S rRNA V4",GT,978215,FWD:GTGYCAGCMGCCGCGGTAA; REV:GGACTACNVGGGTWTCTAAT,Illumina,MB,GTGTGYCAGCMGCCGCGGTAA,62320,4,Echo550,Hayden BSU Herbivore Reruns,10343,UCSDMI,2/12/2021,Hayden_BSU_Herbivore_Reruns_Plate_1-5_w_DHMC_Mills_Plate_2_S1_L001,210212_M05314_0275_000000000_JGYD5,Hayden_BSU_Herbivore_Reruns_Plate_4,Sequencing by synthesis,16S rRNA,V4,NA,NA,NA,RNBJ0628,Hayden_BSU_Herbivore_Reruns_Plate_4_BLANK4.4A_A4,A4
12798.BLANK4.4B,BLANK4.4B,Blank,NA,NA,#VALUE!,,,mule deer,CCACTGCCCACC,UCSDMI,captivity can alter herbivore gut microbial communities,Carmen_HOWE_KF_4,163051748,Illumina MiSeq,"Illumina EMP protocol 515fbc, 806r amplification of 16S rRNA V4",GT,978215,FWD:GTGYCAGCMGCCGCGGTAA; REV:GGACTACNVGGGTWTCTAAT,Illumina,MB,GTGTGYCAGCMGCCGCGGTAA,62320,4,Echo550,Hayden BSU Herbivore Reruns,10343,UCSDMI,2/12/2021,Hayden_BSU_Herbivore_Reruns_Plate_1-5_w_DHMC_Mills_Plate_2_S1_L001,210212_M05314_0275_000000000_JGYD5,Hayden_BSU_Herbivore_Reruns_Plate_4,Sequencing by synthesis,16S rRNA,V4,NA,NA,NA,RNBJ0628,Hayden_BSU_Herbivore_Reruns_Plate_4_BLANK4.4B_B4,B4
12798.BLANK4.4C,BLANK4.4C,Blank,NA,NA,#VALUE!,,,mule deer,GAATATACCTGG,UCSDMI,captivity can alter herbivore gut microbial communities,Carmen_HOWE_KF_4,163051748,Illumina MiSeq,"Illumina EMP protocol 515fbc, 806r amplification of 16S rRNA V4",GT,978215,FWD:GTGYCAGCMGCCGCGGTAA; REV:GGACTACNVGGGTWTCTAAT,Illumina,MB,GTGTGYCAGCMGCCGCGGTAA,62320,4,Echo550,Hayden BSU Herbivore Reruns,10343,UCSDMI,2/12/2021,Hayden_BSU_Herbivore_Reruns_Plate_1-5_w_DHMC_Mills_Plate_2_S1_L001,210212_M05314_0275_000000000_JGYD5,Hayden_BSU_Herbivore_Reruns_Plate_4,Sequencing by synthesis,16S rRNA,V4,NA,NA,NA,RNBJ0628,Hayden_BSU_Herbivore_Reruns_Plate_4_BLANK4.4C_C4,C4
12798.BLANK4.4D,BLANK4.4D,Blank,NA,NA,#VALUE!,,,mule deer,ACCAGAAATGTC,UCSDMI,captivity can alter herbivore gut microbial communities,Carmen_HOWE_KF_4,163051748,Illumina MiSeq,"Illumina EMP protocol 515fbc, 806r amplification of 16S rRNA V4",GT,978215,FWD:GTGYCAGCMGCCGCGGTAA; REV:GGACTACNVGGGTWTCTAAT,Illumina,MB,GTGTGYCAGCMGCCGCGGTAA,62320,4,Echo550,Hayden BSU Herbivore Reruns,10343,UCSDMI,2/12/2021,Hayden_BSU_Herbivore_Reruns_Plate_1-5_w_DHMC_Mills_Plate_2_S1_L001,210212_M05314_0275_000000000_JGYD5,Hayden_BSU_Herbivore_Reruns_Plate_4,Sequencing by synthesis,16S rRNA,V4,NA,NA,NA,RNBJ0628,Hayden_BSU_Herbivore_Reruns_Plate_4_BLANK4.4D_D4,D4
12798.BLANK4.4E,BLANK4.4E,Blank,NA,NA,#VALUE!,,,mule deer,AACACCATCGAC,UCSDMI,captivity can alter herbivore gut microbial communities,Carmen_HOWE_KF_4,163051748,Illumina MiSeq,"Illumina EMP protocol 515fbc, 806r amplification of 16S rRNA V4",GT,978215,FWD:GTGYCAGCMGCCGCGGTAA; REV:GGACTACNVGGGTWTCTAAT,Illumina,MB,GTGTGYCAGCMGCCGCGGTAA,62320,4,Echo550,Hayden BSU Herbivore Reruns,10343,UCSDMI,2/12/2021,Hayden_BSU_Herbivore_Reruns_Plate_1-5_w_DHMC_Mills_Plate_2_S1_L001,210212_M05314_0275_000000000_JGYD5,Hayden_BSU_Herbivore_Reruns_Plate_4,Sequencing by synthesis,16S rRNA,V4,NA,NA,NA,RNBJ0628,Hayden_BSU_Herbivore_Reruns_Plate_4_BLANK4.4E_E4,E4
12798.BLANK4.4F,BLANK4.4F,Blank,NA,NA,#VALUE!,,,mule deer,TCTACATACATA,UCSDMI,captivity can alter herbivore gut microbial communities,Carmen_HOWE_KF_4,163051748,Illumina MiSeq,"Illumina EMP protocol 515fbc, 806r amplification of 16S rRNA V4",GT,978215,FWD:GTGYCAGCMGCCGCGGTAA; REV:GGACTACNVGGGTWTCTAAT,Illumina,MB,GTGTGYCAGCMGCCGCGGTAA,62320,4,Echo550,Hayden BSU Herbivore Reruns,10343,UCSDMI,2/12/2021,Hayden_BSU_Herbivore_Reruns_Plate_1-5_w_DHMC_Mills_Plate_2_S1_L001,210212_M05314_0275_000000000_JGYD5,Hayden_BSU_Herbivore_Reruns_Plate_4,Sequencing by synthesis,16S rRNA,V4,NA,NA,NA,RNBJ0628,Hayden_BSU_Herbivore_Reruns_Plate_4_BLANK4.4F_F4,F4
12798.BLANK4.4G,BLANK4.4G,Blank,NA,NA,#VALUE!,,,mule deer,TGGCGCACGGAC,UCSDMI,captivity can alter herbivore gut microbial communities,Carmen_HOWE_KF_4,163051748,Illumina MiSeq,"Illumina EMP protocol 515fbc, 806r amplification of 16S rRNA V4",GT,978215,FWD:GTGYCAGCMGCCGCGGTAA; REV:GGACTACNVGGGTWTCTAAT,Illumina,MB,GTGTGYCAGCMGCCGCGGTAA,62320,4,Echo550,Hayden BSU Herbivore Reruns,10343,UCSDMI,2/12/2021,Hayden_BSU_Herbivore_Reruns_Plate_1-5_w_DHMC_Mills_Plate_2_S1_L001,210212_M05314_0275_000000000_JGYD5,Hayden_BSU_Herbivore_Reruns_Plate_4,Sequencing by synthesis,16S rRNA,V4,NA,NA,NA,RNBJ0628,Hayden_BSU_Herbivore_Reruns_Plate_4_BLANK4.4G_G4,G4
12798.BLANK4.4H,BLANK4.4H,Blank,NA,NA,#VALUE!,,,mule deer,ACTGCCCGATAC,UCSDMI,captivity can alter herbivore gut microbial communities,Carmen_HOWE_KF_4,163051748,Illumina MiSeq,"Illumina EMP protocol 515fbc, 806r amplification of 16S rRNA V4",GT,978215,FWD:GTGYCAGCMGCCGCGGTAA; REV:GGACTACNVGGGTWTCTAAT,Illumina,MB,GTGTGYCAGCMGCCGCGGTAA,62320,4,Echo550,Hayden BSU Herbivore Reruns,10343,UCSDMI,2/12/2021,Hayden_BSU_Herbivore_Reruns_Plate_1-5_w_DHMC_Mills_Plate_2_S1_L001,210212_M05314_0275_000000000_JGYD5,Hayden_BSU_Herbivore_Reruns_Plate_4,Sequencing by synthesis,16S rRNA,V4,NA,NA,NA,RNBJ0628,Hayden_BSU_Herbivore_Reruns_Plate_4_BLANK4.4H_H4,H4
12798.BLANK5.5A,BLANK5.5A,Blank,NA,NA,#VALUE!,,,mule deer,GATCCGGCAGGA,UCSDMI,captivity can alter herbivore gut microbial communities,Carmen_HOWE_KF_3,166015887,Illumina MiSeq,"Illumina EMP protocol 515fbc, 806r amplification of 16S rRNA V4",GT,978215,FWD:GTGYCAGCMGCCGCGGTAA; REV:GGACTACNVGGGTWTCTAAT,Illumina,MB,GTGTGYCAGCMGCCGCGGTAA,20121,5,Echo550,Hayden BSU Herbivore Reruns,10343,UCSDMI,2/12/2021,Hayden_BSU_Herbivore_Reruns_Plate_1-5_w_DHMC_Mills_Plate_2_S1_L001,210212_M05314_0275_000000000_JGYD5,Hayden_BSU_Herbivore_Reruns_Plate_5,Sequencing by synthesis,16S rRNA,V4,NA,NA,NA,RNBJ0628,Hayden_BSU_Herbivore_Reruns_Plate_5_BLANK5.5A_A5,A5
12798.BLANK5.5B,BLANK5.5B,Blank,NA,NA,#VALUE!,,,mule deer,CTTCCAACTCAT,UCSDMI,captivity can alter herbivore gut microbial communities,Carmen_HOWE_KF_3,166015887,Illumina MiSeq,"Illumina EMP protocol 515fbc, 806r amplification of 16S rRNA V4",GT,978215,FWD:GTGYCAGCMGCCGCGGTAA; REV:GGACTACNVGGGTWTCTAAT,Illumina,MB,GTGTGYCAGCMGCCGCGGTAA,20121,5,Echo550,Hayden BSU Herbivore Reruns,10343,UCSDMI,2/12/2021,Hayden_BSU_Herbivore_Reruns_Plate_1-5_w_DHMC_Mills_Plate_2_S1_L001,210212_M05314_0275_000000000_JGYD5,Hayden_BSU_Herbivore_Reruns_Plate_5,Sequencing by synthesis,16S rRNA,V4,NA,NA,NA,RNBJ0628,Hayden_BSU_Herbivore_Reruns_Plate_5_BLANK5.5B_B5,B5
12798.BLANK5.5C,BLANK5.5C,Blank,NA,NA,#VALUE!,,,mule deer,CGACCTCGCATA,UCSDMI,captivity can alter herbivore gut microbial communities,Carmen_HOWE_KF_3,166015887,Illumina MiSeq,"Illumina EMP protocol 515fbc, 806r amplification of 16S rRNA V4",GT,978215,FWD:GTGYCAGCMGCCGCGGTAA; REV:GGACTACNVGGGTWTCTAAT,Illumina,MB,GTGTGYCAGCMGCCGCGGTAA,20121,5,Echo550,Hayden BSU Herbivore Reruns,10343,UCSDMI,2/12/2021,Hayden_BSU_Herbivore_Reruns_Plate_1-5_w_DHMC_Mills_Plate_2_S1_L001,210212_M05314_0275_000000000_JGYD5,Hayden_BSU_Herbivore_Reruns_Plate_5,Sequencing by synthesis,16S rRNA,V4,NA,NA,NA,RNBJ0628,Hayden_BSU_Herbivore_Reruns_Plate_5_BLANK5.5C_C5,C5
12798.BLANK5.5D,BLANK5.5D,Blank,NA,NA,#VALUE!,,,mule deer,GTCAGAGTATTG,UCSDMI,captivity can alter herbivore gut microbial communities,Carmen_HOWE_KF_3,166015887,Illumina MiSeq,"Illumina EMP protocol 515fbc, 806r amplification of 16S rRNA V4",GT,978215,FWD:GTGYCAGCMGCCGCGGTAA; REV:GGACTACNVGGGTWTCTAAT,Illumina,MB,GTGTGYCAGCMGCCGCGGTAA,20121,5,Echo550,Hayden BSU Herbivore Reruns,10343,UCSDMI,2/12/2021,Hayden_BSU_Herbivore_Reruns_Plate_1-5_w_DHMC_Mills_Plate_2_S1_L001,210212_M05314_0275_000000000_JGYD5,Hayden_BSU_Herbivore_Reruns_Plate_5,Sequencing by synthesis,16S rRNA,V4,NA,NA,NA,RNBJ0628,Hayden_BSU_Herbivore_Reruns_Plate_5_BLANK5.5D_D5,D5
12798.BLANK5.5E,BLANK5.5E,Blank,NA,NA,#VALUE!,,,mule deer,GAACGATCATGT,UCSDMI,captivity can alter herbivore gut microbial communities,Carmen_HOWE_KF_3,166015887,Illumina MiSeq,"Illumina EMP protocol 515fbc, 806r amplification of 16S rRNA V4",GT,978215,FWD:GTGYCAGCMGCCGCGGTAA; REV:GGACTACNVGGGTWTCTAAT,Illumina,MB,GTGTGYCAGCMGCCGCGGTAA,20121,5,Echo550,Hayden BSU Herbivore Reruns,10343,UCSDMI,2/12/2021,Hayden_BSU_Herbivore_Reruns_Plate_1-5_w_DHMC_Mills_Plate_2_S1_L001,210212_M05314_0275_000000000_JGYD5,Hayden_BSU_Herbivore_Reruns_Plate_5,Sequencing by synthesis,16S rRNA,V4,NA,NA,NA,RNBJ0628,Hayden_BSU_Herbivore_Reruns_Plate_5_BLANK5.5E_E5,E5
12798.BLANK5.5G,BLANK5.5G,Blank,NA,NA,#VALUE!,,,mule deer,TCTTCGCAGCAG,UCSDMI,captivity can alter herbivore gut microbial communities,Carmen_HOWE_KF_3,166015887,Illumina MiSeq,"Illumina EMP protocol 515fbc, 806r amplification of 16S rRNA V4",GT,978215,FWD:GTGYCAGCMGCCGCGGTAA; REV:GGACTACNVGGGTWTCTAAT,Illumina,MB,GTGTGYCAGCMGCCGCGGTAA,20121,5,Echo550,Hayden BSU Herbivore Reruns,10343,UCSDMI,2/12/2021,Hayden_BSU_Herbivore_Reruns_Plate_1-5_w_DHMC_Mills_Plate_2_S1_L001,210212_M05314_0275_000000000_JGYD5,Hayden_BSU_Herbivore_Reruns_Plate_5,Sequencing by synthesis,16S rRNA,V4,NA,NA,NA,RNBJ0628,Hayden_BSU_Herbivore_Reruns_Plate_5_BLANK5.5G_G5,G5
12798.BLANK5.5H,BLANK5.5H,Blank,NA,NA,#VALUE!,,,mule deer,CACGCTATTGGA,UCSDMI,captivity can alter herbivore gut microbial communities,Carmen_HOWE_KF_3,166015887,Illumina MiSeq,"Illumina EMP protocol 515fbc, 806r amplification of 16S rRNA V4",GT,978215,FWD:GTGYCAGCMGCCGCGGTAA; REV:GGACTACNVGGGTWTCTAAT,Illumina,MB,GTGTGYCAGCMGCCGCGGTAA,20121,5,Echo550,Hayden BSU Herbivore Reruns,10343,UCSDMI,2/12/2021,Hayden_BSU_Herbivore_Reruns_Plate_1-5_w_DHMC_Mills_Plate_2_S1_L001,210212_M05314_0275_000000000_JGYD5,Hayden_BSU_Herbivore_Reruns_Plate_5,Sequencing by synthesis,16S rRNA,V4,NA,NA,NA,RNBJ0628,Hayden_BSU_Herbivore_Reruns_Plate_5_BLANK5.5H_H5,H5
