sample_name,Observed,Chao1,se.chao1,ACE,se.ACE,Shannon,Simpson,InvSimpson,Fisher,orig_name,Deer_Name,DeerSpecies,Date,Jdate,location,Diet_Type,Pen_Name,NDF,ADL,DMD,DE,DP,Tannins,pellets,conifer,dshrub,forb,grass,eshrub,Diet_rich,Diet_div,instrument_model,library_construction_protocol,linker,mastermix_lot,pcr_primers,platform,plating,primer,primer_date,primer_plate,processing_robot,project_name,qiita_prep_id,run_center,run_date,run_prefix,runid,sample_plate,sequencing_meth,target_gene,target_subfragment,tm1000_8_tool,tm300_8_tool,tm50_8_tool,water_lot,well_description,well_id,Trial_Date,Deer,BarcodeSequence
12798.BL5.20.16,240,240,0,240,5.941029653,4.390487905,0.960050205,25.03141758,41.54823349,BL5.20.16,Belle,Mule Deer,5/20/2016,16141,Start Pen,Start Pen,Start Pen (WUF),35.59,5.97,64.26,11.38860419,12.95686572,0,0.95,0,0,0,0,0,3,1.1,Illumina MiSeq,"Illumina EMP protocol 515fbc, 806r amplification of 16S rRNA V4",GT,978215,FWD:GTGYCAGCMGCCGCGGTAA; REV:GGACTACNVGGGTWTCTAAT,Illumina,MB,GTGTGYCAGCMGCCGCGGTAA,62320,4,Echo550,Hayden BSU Herbivore Reruns,10343,UCSDMI,2/12/2021,Hayden_BSU_Herbivore_Reruns_Plate_1-5_w_DHMC_Mills_Plate_2_S1_L001,210212_M05314_0275_000000000_JGYD5,Hayden_BSU_Herbivore_Reruns_Plate_4,Sequencing by synthesis,16S rRNA,V4,NA,NA,NA,RNBJ0628,Hayden_BSU_Herbivore_Reruns_Plate_4_BL5.20.16_C5,C5,Start Pen,Belle,GAATCTGACAAC
12798.BL6.17.16,256,256,0,256,6.194440552,4.597118018,0.972227185,36.00643299,43.34447753,BL6.17.16,Belle,Mule Deer,6/17/2016,16169,Natural Pens,June Trial,Sand Creek,34.79,6.36,62.355,11.62,5.78,0.055725501,0,0.004461421,0.743081731,0.231469274,0.007608749,0.009922861,35,2.36,Illumina MiSeq,"Illumina EMP protocol 515fbc, 806r amplification of 16S rRNA V4",GT,978215,FWD:GTGYCAGCMGCCGCGGTAA; REV:GGACTACNVGGGTWTCTAAT,Illumina,MB,GTGTGYCAGCMGCCGCGGTAA,62320,4,Echo550,Hayden BSU Herbivore Reruns,10343,UCSDMI,2/12/2021,Hayden_BSU_Herbivore_Reruns_Plate_1-5_w_DHMC_Mills_Plate_2_S1_L001,210212_M05314_0275_000000000_JGYD5,Hayden_BSU_Herbivore_Reruns_Plate_4,Sequencing by synthesis,16S rRNA,V4,NA,NA,NA,RNBJ0628,Hayden_BSU_Herbivore_Reruns_Plate_4_BL6.17.16_D5,D5,June Trial,Belle,CTCATCATGTTC
12798.BL6.23.16,337,337,0,337,6.683164552,5.015421079,0.986656781,74.94443623,56.35882813,BL6.23.16,Belle,Mule Deer,6/23/2016,16175,Natural Pens,June Trial,Deadman,27.1,7.02,64.315,12.185,5.25,0.101805474,0,0.00454471,0.826318545,0.107310362,0.003751967,0.105158076,28,2.255011,Illumina MiSeq,"Illumina EMP protocol 515fbc, 806r amplification of 16S rRNA V4",GT,978215,FWD:GTGYCAGCMGCCGCGGTAA; REV:GGACTACNVGGGTWTCTAAT,Illumina,MB,GTGTGYCAGCMGCCGCGGTAA,62320,4,Echo550,Hayden BSU Herbivore Reruns,10343,UCSDMI,2/12/2021,Hayden_BSU_Herbivore_Reruns_Plate_1-5_w_DHMC_Mills_Plate_2_S1_L001,210212_M05314_0275_000000000_JGYD5,Hayden_BSU_Herbivore_Reruns_Plate_4,Sequencing by synthesis,16S rRNA,V4,NA,NA,NA,RNBJ0628,Hayden_BSU_Herbivore_Reruns_Plate_4_BL6.23.16_E5,E5,June Trial,Belle,TTATCCAGTCCT
12798.BL6.3.16,392,392,0,392,7.540198395,5.127813847,0.984164483,63.14918713,68.65167366,BL6.3.16,Belle,Mule Deer,6/3/2016,16155,Pre Transition,Pre Transition,PreTransition (Malo),30.995,8.836085525,60.85,11.035,4.815,0.125364367,0.002316996,0,0.095305766,0.875191152,0.008650118,0.018535968,27,1.638785957,Illumina MiSeq,"Illumina EMP protocol 515fbc, 806r amplification of 16S rRNA V4",GT,978215,FWD:GTGYCAGCMGCCGCGGTAA; REV:GGACTACNVGGGTWTCTAAT,Illumina,MB,GTGTGYCAGCMGCCGCGGTAA,62320,4,Echo550,Hayden BSU Herbivore Reruns,10343,UCSDMI,2/12/2021,Hayden_BSU_Herbivore_Reruns_Plate_1-5_w_DHMC_Mills_Plate_2_S1_L001,210212_M05314_0275_000000000_JGYD5,Hayden_BSU_Herbivore_Reruns_Plate_4,Sequencing by synthesis,16S rRNA,V4,NA,NA,NA,RNBJ0628,Hayden_BSU_Herbivore_Reruns_Plate_4_BL6.3.16_F5,F5,Pre Transition,Belle,GAGTCTTGGTAA
12798.BL7.19.16,187,187,0,187,4.65378921,4.521279968,0.97977789,49.45082393,32.54961417,BL7.19.16,Belle,Mule Deer,7/19/2016,16201,Natural Pens,July Trial,Swansong,37.19333333,6.36,60.06,10.83666667,6.38,0.055725501,0,0.010632575,0.316555488,0.464636751,0.002223042,0.189238813,29,2.1819975,Illumina MiSeq,"Illumina EMP protocol 515fbc, 806r amplification of 16S rRNA V4",GT,978215,FWD:GTGYCAGCMGCCGCGGTAA; REV:GGACTACNVGGGTWTCTAAT,Illumina,MB,GTGTGYCAGCMGCCGCGGTAA,62320,4,Echo550,Hayden BSU Herbivore Reruns,10343,UCSDMI,2/12/2021,Hayden_BSU_Herbivore_Reruns_Plate_1-5_w_DHMC_Mills_Plate_2_S1_L001,210212_M05314_0275_000000000_JGYD5,Hayden_BSU_Herbivore_Reruns_Plate_4,Sequencing by synthesis,16S rRNA,V4,NA,NA,NA,RNBJ0628,Hayden_BSU_Herbivore_Reruns_Plate_4_BL7.19.16_G5,G5,July Trial,Belle,CATTTACATCAC
12798.BL7.5.16,179,179,0,179,4.929673009,4.501034705,0.981521829,54.11790883,30.92163694,BL7.5.16,Belle,Mule Deer,7/5/2016,16187,Natural Pens,July Trial,Hall,34.3,6.87,58.14,10.94,2.09,0.049950345,0,0,0.087774088,0.293573644,0,0.487222063,17,2.076809,Illumina MiSeq,"Illumina EMP protocol 515fbc, 806r amplification of 16S rRNA V4",GT,978215,FWD:GTGYCAGCMGCCGCGGTAA; REV:GGACTACNVGGGTWTCTAAT,Illumina,MB,GTGTGYCAGCMGCCGCGGTAA,62320,4,Echo550,Hayden BSU Herbivore Reruns,10343,UCSDMI,2/12/2021,Hayden_BSU_Herbivore_Reruns_Plate_1-5_w_DHMC_Mills_Plate_2_S1_L001,210212_M05314_0275_000000000_JGYD5,Hayden_BSU_Herbivore_Reruns_Plate_4,Sequencing by synthesis,16S rRNA,V4,NA,NA,NA,RNBJ0628,Hayden_BSU_Herbivore_Reruns_Plate_4_BL7.5.16_A6,A6,July Trial,Belle,AGTAGTTTCCTT
12798.BL8.12.16,198,198,0,198,5.306751941,4.278881222,0.958753938,24.24473861,32.69673161,BL8.12.16,Belle,Mule Deer,8/12/2016,16225,End Pen,End Pen,End Pen (WUF),35.59,5.97,64.26,11.38860419,12.95686572,0,0.95,0,0,0,0,0,3,1.1,Illumina MiSeq,"Illumina EMP protocol 515fbc, 806r amplification of 16S rRNA V4",GT,978215,FWD:GTGYCAGCMGCCGCGGTAA; REV:GGACTACNVGGGTWTCTAAT,Illumina,MB,GTGTGYCAGCMGCCGCGGTAA,62320,4,Echo550,Hayden BSU Herbivore Reruns,10343,UCSDMI,2/12/2021,Hayden_BSU_Herbivore_Reruns_Plate_1-5_w_DHMC_Mills_Plate_2_S1_L001,210212_M05314_0275_000000000_JGYD5,Hayden_BSU_Herbivore_Reruns_Plate_4,Sequencing by synthesis,16S rRNA,V4,NA,NA,NA,RNBJ0628,Hayden_BSU_Herbivore_Reruns_Plate_4_BL8.12.16_B6,B6,End Pen,Belle,GACCCGTTTCGC
12798.BL8.17.16,199,199,0.166247379,199.1476015,5.632246404,4.536104246,0.980227227,50.57459602,34.48705712,BL8.17.16,Belle,Mule Deer,8/17/2016,16230,End Pen,End Pen,End Pen (WUF),35.59,5.97,64.26,11.38860419,12.95686572,0,0.95,0,0,0,0,0,3,1.1,Illumina MiSeq,"Illumina EMP protocol 515fbc, 806r amplification of 16S rRNA V4",GT,978215,FWD:GTGYCAGCMGCCGCGGTAA; REV:GGACTACNVGGGTWTCTAAT,Illumina,MB,GTGTGYCAGCMGCCGCGGTAA,62320,4,Echo550,Hayden BSU Herbivore Reruns,10343,UCSDMI,2/12/2021,Hayden_BSU_Herbivore_Reruns_Plate_1-5_w_DHMC_Mills_Plate_2_S1_L001,210212_M05314_0275_000000000_JGYD5,Hayden_BSU_Herbivore_Reruns_Plate_4,Sequencing by synthesis,16S rRNA,V4,NA,NA,NA,RNBJ0628,Hayden_BSU_Herbivore_Reruns_Plate_4_BL8.17.16_C6,C6,End Pen,Belle,ATTGCCTTGATT
12798.BL8.2.16,194,194,0,194,5.035953211,4.45501748,0.970986399,34.46659386,34.5550128,BL8.2.16,Belle,Mule Deer,8/2/2016,16215,Natural Pens,August Trial,North Sherman,34.48333333,4.82,63.14666667,11.72,5.746666667,0.057846347,0,0,0.436023667,0.486932021,0.002943567,0.045641023,28,2.681547,Illumina MiSeq,"Illumina EMP protocol 515fbc, 806r amplification of 16S rRNA V4",GT,978215,FWD:GTGYCAGCMGCCGCGGTAA; REV:GGACTACNVGGGTWTCTAAT,Illumina,MB,GTGTGYCAGCMGCCGCGGTAA,62320,4,Echo550,Hayden BSU Herbivore Reruns,10343,UCSDMI,2/12/2021,Hayden_BSU_Herbivore_Reruns_Plate_1-5_w_DHMC_Mills_Plate_2_S1_L001,210212_M05314_0275_000000000_JGYD5,Hayden_BSU_Herbivore_Reruns_Plate_4,Sequencing by synthesis,16S rRNA,V4,NA,NA,NA,RNBJ0628,Hayden_BSU_Herbivore_Reruns_Plate_4_BL8.2.16_D6,D6,August Trial,Belle,TTAGGATTCTAT
12798.BL8.5.16,325,325,0,325,6.902842224,4.844817291,0.976694452,42.90823788,55.80590369,BL8.5.16,Belle,Mule Deer,8/5/2016,16218,Post Transition,Post Transition,North Sherman,35.59,5.97,64.26,11.38860419,12.95686572,0,0,0,0.700791752,0.256917102,0.002574803,0.02252953,32,2.511592,Illumina MiSeq,"Illumina EMP protocol 515fbc, 806r amplification of 16S rRNA V4",GT,978215,FWD:GTGYCAGCMGCCGCGGTAA; REV:GGACTACNVGGGTWTCTAAT,Illumina,MB,GTGTGYCAGCMGCCGCGGTAA,62320,4,Echo550,Hayden BSU Herbivore Reruns,10343,UCSDMI,2/12/2021,Hayden_BSU_Herbivore_Reruns_Plate_1-5_w_DHMC_Mills_Plate_2_S1_L001,210212_M05314_0275_000000000_JGYD5,Hayden_BSU_Herbivore_Reruns_Plate_4,Sequencing by synthesis,16S rRNA,V4,NA,NA,NA,RNBJ0628,Hayden_BSU_Herbivore_Reruns_Plate_4_BL8.5.16_E6,E6,Post Transition,Belle,GTTTATCTTAAG
12798.BL8.6.16,232,232,0,232,5.695960456,4.492564029,0.973181726,37.2880079,39.33810483,BL8.6.16,Belle,Mule Deer,8/6/2016,16219,Post Transition,Post Transition,PostTransition (WUF),35.59,5.97,64.26,11.38860419,12.95686572,0,0.45,0,0.55,0,0,0,17,1.803232,Illumina MiSeq,"Illumina EMP protocol 515fbc, 806r amplification of 16S rRNA V4",GT,978215,FWD:GTGYCAGCMGCCGCGGTAA; REV:GGACTACNVGGGTWTCTAAT,Illumina,MB,GTGTGYCAGCMGCCGCGGTAA,62320,4,Echo550,Hayden BSU Herbivore Reruns,10343,UCSDMI,2/12/2021,Hayden_BSU_Herbivore_Reruns_Plate_1-5_w_DHMC_Mills_Plate_2_S1_L001,210212_M05314_0275_000000000_JGYD5,Hayden_BSU_Herbivore_Reruns_Plate_4,Sequencing by synthesis,16S rRNA,V4,NA,NA,NA,RNBJ0628,Hayden_BSU_Herbivore_Reruns_Plate_4_BL8.6.16_F6,F6,Post Transition,Belle,CAGTCTAGTACG
12798.CL5.2.16,319,319,0,319,6.158817621,5.012000999,0.984931442,66.36335282,54.90942523,CL5.2.16,Clementine,Mule Deer,5/20/2016,16141,Start Pen,Start Pen,Start Pen (WUF),35.59,5.97,64.26,11.38860419,12.95686572,0,0.95,0,0,0,0,0,3,1.1,Illumina MiSeq,"Illumina EMP protocol 515fbc, 806r amplification of 16S rRNA V4",GT,978215,FWD:GTGYCAGCMGCCGCGGTAA; REV:GGACTACNVGGGTWTCTAAT,Illumina,MB,GTGTGYCAGCMGCCGCGGTAA,62320,4,Echo550,Hayden BSU Herbivore Reruns,10343,UCSDMI,2/12/2021,Hayden_BSU_Herbivore_Reruns_Plate_1-5_w_DHMC_Mills_Plate_2_S1_L001,210212_M05314_0275_000000000_JGYD5,Hayden_BSU_Herbivore_Reruns_Plate_4,Sequencing by synthesis,16S rRNA,V4,NA,NA,NA,RNBJ0628,Hayden_BSU_Herbivore_Reruns_Plate_4_CL5.2.16_G6,G6,Start Pen,Clementine,GTGGGACTGCGC
12798.CL6.14.16,241,241,0,241,5.124993675,4.784615951,0.984014605,62.55710445,40.87210774,CL6.14.16,Clementine,Mule Deer,6/14/2016,16166,Natural Pens,June Trial,Sand Creek,32.855,6.14,62.295,11.77,6.14,0.051975461,0,0,0.817732187,0.178822161,0.000516848,0.002928804,25,2.233583,Illumina MiSeq,"Illumina EMP protocol 515fbc, 806r amplification of 16S rRNA V4",GT,978215,FWD:GTGYCAGCMGCCGCGGTAA; REV:GGACTACNVGGGTWTCTAAT,Illumina,MB,GTGTGYCAGCMGCCGCGGTAA,62320,4,Echo550,Hayden BSU Herbivore Reruns,10343,UCSDMI,2/12/2021,Hayden_BSU_Herbivore_Reruns_Plate_1-5_w_DHMC_Mills_Plate_2_S1_L001,210212_M05314_0275_000000000_JGYD5,Hayden_BSU_Herbivore_Reruns_Plate_4,Sequencing by synthesis,16S rRNA,V4,NA,NA,NA,RNBJ0628,Hayden_BSU_Herbivore_Reruns_Plate_4_CL6.14.16_H6,H6,June Trial,Clementine,CTCCCGAGCTCC
12798.CL6.17.16,290,290,0,290,6.051787995,4.849651474,0.982078246,55.79811102,49.50579149,CL6.17.16,Clementine,Mule Deer,6/17/2016,16169,Natural Pens,June Trial,Sand Creek,25.24,6.46,65.61,12.48,6.45,0.084831813,0,0,0.866605628,0.120551606,0.011453498,0.000342898,22,1.896125,Illumina MiSeq,"Illumina EMP protocol 515fbc, 806r amplification of 16S rRNA V4",GT,978215,FWD:GTGYCAGCMGCCGCGGTAA; REV:GGACTACNVGGGTWTCTAAT,Illumina,MB,GTGTGYCAGCMGCCGCGGTAA,62320,4,Echo550,Hayden BSU Herbivore Reruns,10343,UCSDMI,2/12/2021,Hayden_BSU_Herbivore_Reruns_Plate_1-5_w_DHMC_Mills_Plate_2_S1_L001,210212_M05314_0275_000000000_JGYD5,Hayden_BSU_Herbivore_Reruns_Plate_4,Sequencing by synthesis,16S rRNA,V4,NA,NA,NA,RNBJ0628,Hayden_BSU_Herbivore_Reruns_Plate_4_CL6.17.16_A7,A7,June Trial,Clementine,CAGATCCCAACC
12798.CL6.2.16,330,330,0,330,7.717748141,4.885632338,0.98364861,61.15688031,57.08532768,CL6.2.16,Clementine,Mule Deer,6/2/2016,16154,Pre Transition,Pre Transition,PreTransition (Malo),31.72,7.856110175,62.51,11.375,5.45,0.117392421,0,0,0.394904767,0.598948039,0.00421107,0.001936124,31,2.069927563,Illumina MiSeq,"Illumina EMP protocol 515fbc, 806r amplification of 16S rRNA V4",GT,978215,FWD:GTGYCAGCMGCCGCGGTAA; REV:GGACTACNVGGGTWTCTAAT,Illumina,MB,GTGTGYCAGCMGCCGCGGTAA,62320,4,Echo550,Hayden BSU Herbivore Reruns,10343,UCSDMI,2/12/2021,Hayden_BSU_Herbivore_Reruns_Plate_1-5_w_DHMC_Mills_Plate_2_S1_L001,210212_M05314_0275_000000000_JGYD5,Hayden_BSU_Herbivore_Reruns_Plate_4,Sequencing by synthesis,16S rRNA,V4,NA,NA,NA,RNBJ0628,Hayden_BSU_Herbivore_Reruns_Plate_4_CL6.2.16_B7,B7,Pre Transition,Clementine,TGACTGCGTTAG
12798.CL6.23.16,135,135,0,135,4.581767409,3.978082462,0.953798096,21.64412964,23.7277056,CL6.23.16,Clementine,Mule Deer,6/23/2016,16175,Natural Pens,June Trial,Deadman,39.41,7.6,55.82,10.47,3.14,0.061324367,0,0.000965141,0.968360302,0.021877351,0.001645267,0.006887266,17,1.98074,Illumina MiSeq,"Illumina EMP protocol 515fbc, 806r amplification of 16S rRNA V4",GT,978215,FWD:GTGYCAGCMGCCGCGGTAA; REV:GGACTACNVGGGTWTCTAAT,Illumina,MB,GTGTGYCAGCMGCCGCGGTAA,62320,4,Echo550,Hayden BSU Herbivore Reruns,10343,UCSDMI,2/12/2021,Hayden_BSU_Herbivore_Reruns_Plate_1-5_w_DHMC_Mills_Plate_2_S1_L001,210212_M05314_0275_000000000_JGYD5,Hayden_BSU_Herbivore_Reruns_Plate_4,Sequencing by synthesis,16S rRNA,V4,NA,NA,NA,RNBJ0628,Hayden_BSU_Herbivore_Reruns_Plate_4_CL6.23.16_C7,C7,June Trial,Clementine,GAGCCCAAAGAG
12798.CL7.19.16,233,233,0,233,5.639377191,4.558194565,0.977489678,44.42406463,39.73444022,CL7.19.16,Clementine,Mule Deer,7/19/2016,16201,Natural Pens,July Trial,Swansong,35.49,6.37,61.99333333,11.75333333,6.75,0.057415304,0,0.109319666,0.323602001,0.324230194,7.92E-05,0.232435578,18.5,1.690959,Illumina MiSeq,"Illumina EMP protocol 515fbc, 806r amplification of 16S rRNA V4",GT,978215,FWD:GTGYCAGCMGCCGCGGTAA; REV:GGACTACNVGGGTWTCTAAT,Illumina,MB,GTGTGYCAGCMGCCGCGGTAA,62320,4,Echo550,Hayden BSU Herbivore Reruns,10343,UCSDMI,2/12/2021,Hayden_BSU_Herbivore_Reruns_Plate_1-5_w_DHMC_Mills_Plate_2_S1_L001,210212_M05314_0275_000000000_JGYD5,Hayden_BSU_Herbivore_Reruns_Plate_4,Sequencing by synthesis,16S rRNA,V4,NA,NA,NA,RNBJ0628,Hayden_BSU_Herbivore_Reruns_Plate_4_CL7.19.16_D7,D7,July Trial,Clementine,CAACGAACCATC
12798.CL7.5.16,85,85,0,85,3.766727398,3.938339067,0.969557841,32.84918136,16.87194514,CL7.5.16,Clementine,Mule Deer,7/5/2016,16187,Natural Pens,July Trial,Hall,35.27666667,6.14,59.81666667,11.42333333,4.156666667,0.051975461,0,0.009738521,0.116910941,0.238885913,0.004187564,0.573014559,14,1.916219,Illumina MiSeq,"Illumina EMP protocol 515fbc, 806r amplification of 16S rRNA V4",GT,978215,FWD:GTGYCAGCMGCCGCGGTAA; REV:GGACTACNVGGGTWTCTAAT,Illumina,MB,GTGTGYCAGCMGCCGCGGTAA,62320,4,Echo550,Hayden BSU Herbivore Reruns,10343,UCSDMI,2/12/2021,Hayden_BSU_Herbivore_Reruns_Plate_1-5_w_DHMC_Mills_Plate_2_S1_L001,210212_M05314_0275_000000000_JGYD5,Hayden_BSU_Herbivore_Reruns_Plate_4,Sequencing by synthesis,16S rRNA,V4,NA,NA,NA,RNBJ0628,Hayden_BSU_Herbivore_Reruns_Plate_4_CL7.5.16_E7,E7,July Trial,Clementine,GTTCGCCGCATC
12798.CL8.12.16,258,258,0.249515033,258.1417625,5.606094995,4.579800064,0.974231832,38.80757046,43.14719835,CL8.12.16,Clementine,Mule Deer,8/12/2016,16225,End Pen,End Pen,End Pen (WUF),35.59,5.97,64.26,11.38860419,12.95686572,0,0.95,0,0,0,0,0,3,1.1,Illumina MiSeq,"Illumina EMP protocol 515fbc, 806r amplification of 16S rRNA V4",GT,978215,FWD:GTGYCAGCMGCCGCGGTAA; REV:GGACTACNVGGGTWTCTAAT,Illumina,MB,GTGTGYCAGCMGCCGCGGTAA,62320,4,Echo550,Hayden BSU Herbivore Reruns,10343,UCSDMI,2/12/2021,Hayden_BSU_Herbivore_Reruns_Plate_1-5_w_DHMC_Mills_Plate_2_S1_L001,210212_M05314_0275_000000000_JGYD5,Hayden_BSU_Herbivore_Reruns_Plate_4,Sequencing by synthesis,16S rRNA,V4,NA,NA,NA,RNBJ0628,Hayden_BSU_Herbivore_Reruns_Plate_4_CL8.12.16_F7,F7,End Pen,Clementine,GTTCGAGTGAAT
12798.CL8.17.16,196,196,0,196,4.970833298,3.468929671,0.860568298,7.17197011,32.01822616,CL8.17.16,Clementine,Mule Deer,8/17/2016,16230,End Pen,End Pen,End Pen (WUF),35.59,5.97,64.26,11.38860419,12.95686572,0,0.95,0,0,0,0,0,3,1.1,Illumina MiSeq,"Illumina EMP protocol 515fbc, 806r amplification of 16S rRNA V4",GT,978215,FWD:GTGYCAGCMGCCGCGGTAA; REV:GGACTACNVGGGTWTCTAAT,Illumina,MB,GTGTGYCAGCMGCCGCGGTAA,62320,4,Echo550,Hayden BSU Herbivore Reruns,10343,UCSDMI,2/12/2021,Hayden_BSU_Herbivore_Reruns_Plate_1-5_w_DHMC_Mills_Plate_2_S1_L001,210212_M05314_0275_000000000_JGYD5,Hayden_BSU_Herbivore_Reruns_Plate_4,Sequencing by synthesis,16S rRNA,V4,NA,NA,NA,RNBJ0628,Hayden_BSU_Herbivore_Reruns_Plate_4_CL8.17.16_G7,G7,End Pen,Clementine,CGGCCTAAGTTC
12798.CL8.3.16,213,213,0,213,5.345350312,4.141439391,0.943250562,17.62131989,36.22345006,CL8.3.16,Clementine,Mule Deer,8/3/2016,16216,Natural Pens,August Trial,North Sherman,35.49,6.37,61.99333333,11.75333333,6.75,0.057415304,0,0.001778889,0.864861554,0.11277332,0.001229411,0.0005142,21,1.963488,Illumina MiSeq,"Illumina EMP protocol 515fbc, 806r amplification of 16S rRNA V4",GT,978215,FWD:GTGYCAGCMGCCGCGGTAA; REV:GGACTACNVGGGTWTCTAAT,Illumina,MB,GTGTGYCAGCMGCCGCGGTAA,62320,4,Echo550,Hayden BSU Herbivore Reruns,10343,UCSDMI,2/12/2021,Hayden_BSU_Herbivore_Reruns_Plate_1-5_w_DHMC_Mills_Plate_2_S1_L001,210212_M05314_0275_000000000_JGYD5,Hayden_BSU_Herbivore_Reruns_Plate_4,Sequencing by synthesis,16S rRNA,V4,NA,NA,NA,RNBJ0628,Hayden_BSU_Herbivore_Reruns_Plate_4_CL8.3.16_H7,H7,August Trial,Clementine,TAGACTTCAGAG
12798.CL8.5.16,192,192,0,192,5.098508769,4.444897977,0.971402386,34.96795177,33.62441143,CL8.5.16,Clementine,Mule Deer,8/5/2016,16218,Post Transition,Post Transition,PostTransition (WUF),35.59,5.97,64.26,11.38860419,12.95686572,0,0.45,0,0.55,0,0,0,10,1.522107,Illumina MiSeq,"Illumina EMP protocol 515fbc, 806r amplification of 16S rRNA V4",GT,978215,FWD:GTGYCAGCMGCCGCGGTAA; REV:GGACTACNVGGGTWTCTAAT,Illumina,MB,GTGTGYCAGCMGCCGCGGTAA,62320,4,Echo550,Hayden BSU Herbivore Reruns,10343,UCSDMI,2/12/2021,Hayden_BSU_Herbivore_Reruns_Plate_1-5_w_DHMC_Mills_Plate_2_S1_L001,210212_M05314_0275_000000000_JGYD5,Hayden_BSU_Herbivore_Reruns_Plate_4,Sequencing by synthesis,16S rRNA,V4,NA,NA,NA,RNBJ0628,Hayden_BSU_Herbivore_Reruns_Plate_4_CL8.5.16_A8,A8,Post Transition,Clementine,GATAGCACTCGT
12798.CR7.6.16,354,354,0.166431095,354.1589958,5.799077464,4.903090645,0.984940689,66.40409873,55.54254957,CR7.6.16,Cosette,Mule Deer,7/6/2016,16188,Natural Pens,July Trial,Hall,34.835,7.06,57.21,11.03,4.605,0.066237547,0,0.009738521,0.116910941,0.238885913,0.004187564,0.573014559,12.25,2.01094,Illumina MiSeq,"Illumina EMP protocol 515fbc, 806r amplification of 16S rRNA V4",GT,978215,FWD:GTGYCAGCMGCCGCGGTAA; REV:GGACTACNVGGGTWTCTAAT,Illumina,MB,GTGTGYCAGCMGCCGCGGTAA,62320,4,Echo550,Hayden BSU Herbivore Reruns,10343,UCSDMI,2/12/2021,Hayden_BSU_Herbivore_Reruns_Plate_1-5_w_DHMC_Mills_Plate_2_S1_L001,210212_M05314_0275_000000000_JGYD5,Hayden_BSU_Herbivore_Reruns_Plate_4,Sequencing by synthesis,16S rRNA,V4,NA,NA,NA,RNBJ0628,Hayden_BSU_Herbivore_Reruns_Plate_4_CR7.6.16_B8,B8,July Trial,Cosette,ACGTTAATATTC
12798.CS5.20.16,215,215,0,215,5.474677436,4.596093972,0.978968892,47.54861284,37.5342327,CS5.20.16,Cosette,Mule Deer,5/20/2016,16141,Start Pen,Start Pen,Start Pen (WUF),35.59,5.97,64.26,11.38860419,12.95686572,0,0.95,0,0,0,0,0,3,1.1,Illumina MiSeq,"Illumina EMP protocol 515fbc, 806r amplification of 16S rRNA V4",GT,978215,FWD:GTGYCAGCMGCCGCGGTAA; REV:GGACTACNVGGGTWTCTAAT,Illumina,MB,GTGTGYCAGCMGCCGCGGTAA,62320,4,Echo550,Hayden BSU Herbivore Reruns,10343,UCSDMI,2/12/2021,Hayden_BSU_Herbivore_Reruns_Plate_1-5_w_DHMC_Mills_Plate_2_S1_L001,210212_M05314_0275_000000000_JGYD5,Hayden_BSU_Herbivore_Reruns_Plate_4,Sequencing by synthesis,16S rRNA,V4,NA,NA,NA,RNBJ0628,Hayden_BSU_Herbivore_Reruns_Plate_4_CS5.20.16_C8,C8,Start Pen,Cosette,CCATGTGGCTCC
12798.CS6.17.16,208,208,0,208,5.789579498,4.168959833,0.960834286,25.53253585,34.26885585,CS6.17.16,Cosette,Mule Deer,6/17/2016,16169,Natural Pens,June Trial,Sand Creek,23.595,5.73,66.82,12.54,6.07,0.095646797,0,0.051700501,0.599455142,0.281972157,0.03309869,0.033773511,27,2.6521,Illumina MiSeq,"Illumina EMP protocol 515fbc, 806r amplification of 16S rRNA V4",GT,978215,FWD:GTGYCAGCMGCCGCGGTAA; REV:GGACTACNVGGGTWTCTAAT,Illumina,MB,GTGTGYCAGCMGCCGCGGTAA,62320,4,Echo550,Hayden BSU Herbivore Reruns,10343,UCSDMI,2/12/2021,Hayden_BSU_Herbivore_Reruns_Plate_1-5_w_DHMC_Mills_Plate_2_S1_L001,210212_M05314_0275_000000000_JGYD5,Hayden_BSU_Herbivore_Reruns_Plate_4,Sequencing by synthesis,16S rRNA,V4,NA,NA,NA,RNBJ0628,Hayden_BSU_Herbivore_Reruns_Plate_4_CS6.17.16_D8,D8,June Trial,Cosette,ACACGTTTGGGT
12798.CS6.2.16,368,368,0,368,6.890447073,5.083938305,0.984957156,66.47678933,63.25710421,CS6.2.16,Cosette,Mule Deer,6/2/2016,16154,Pre Transition,Pre Transition,PreTransition (Malo),34.79,7.924880375,60.905,11.045,6.055,0.051113758,0.005581655,0.001860552,0.061751709,0.922442904,0.00836318,0,35,2.214924439,Illumina MiSeq,"Illumina EMP protocol 515fbc, 806r amplification of 16S rRNA V4",GT,978215,FWD:GTGYCAGCMGCCGCGGTAA; REV:GGACTACNVGGGTWTCTAAT,Illumina,MB,GTGTGYCAGCMGCCGCGGTAA,62320,4,Echo550,Hayden BSU Herbivore Reruns,10343,UCSDMI,2/12/2021,Hayden_BSU_Herbivore_Reruns_Plate_1-5_w_DHMC_Mills_Plate_2_S1_L001,210212_M05314_0275_000000000_JGYD5,Hayden_BSU_Herbivore_Reruns_Plate_4,Sequencing by synthesis,16S rRNA,V4,NA,NA,NA,RNBJ0628,Hayden_BSU_Herbivore_Reruns_Plate_4_CS6.2.16_E8,E8,Pre Transition,Cosette,AGACTATTTCAT
12798.CS6.23.16,228,228,0,228,5.031043978,4.082557167,0.927544039,13.80148688,35.83123578,CS6.23.16,Cosette,Mule Deer,6/23/2016,16175,Natural Pens,June Trial,Deadman,41.43,7.6,54.93,10.34,2.98,0.061324367,0,0.000358869,0.812332829,0.122721143,0.021103784,0.043328098,30,,Illumina MiSeq,"Illumina EMP protocol 515fbc, 806r amplification of 16S rRNA V4",GT,978215,FWD:GTGYCAGCMGCCGCGGTAA; REV:GGACTACNVGGGTWTCTAAT,Illumina,MB,GTGTGYCAGCMGCCGCGGTAA,62320,4,Echo550,Hayden BSU Herbivore Reruns,10343,UCSDMI,2/12/2021,Hayden_BSU_Herbivore_Reruns_Plate_1-5_w_DHMC_Mills_Plate_2_S1_L001,210212_M05314_0275_000000000_JGYD5,Hayden_BSU_Herbivore_Reruns_Plate_4,Sequencing by synthesis,16S rRNA,V4,NA,NA,NA,RNBJ0628,Hayden_BSU_Herbivore_Reruns_Plate_4_CS6.23.16_F8,F8,June Trial,Cosette,AGTCCGAGTTGT
12798.KI5.20.16,196,196,0,196,5.361902647,4.597522531,0.98179248,54.92236159,33.79565345,KI5.20.16,Kayi,White-tailed,5/20/2016,16141,Start Pen,Start Pen,Start Pen (WUF),35.59,5.97,64.26,11.38860419,12.95686572,0,0.95,0,0,0,0,0,3,1.1,Illumina MiSeq,"Illumina EMP protocol 515fbc, 806r amplification of 16S rRNA V4",GT,978215,FWD:GTGYCAGCMGCCGCGGTAA; REV:GGACTACNVGGGTWTCTAAT,Illumina,MB,GTGTGYCAGCMGCCGCGGTAA,62320,4,Echo550,Hayden BSU Herbivore Reruns,10343,UCSDMI,2/12/2021,Hayden_BSU_Herbivore_Reruns_Plate_1-5_w_DHMC_Mills_Plate_2_S1_L001,210212_M05314_0275_000000000_JGYD5,Hayden_BSU_Herbivore_Reruns_Plate_4,Sequencing by synthesis,16S rRNA,V4,NA,NA,NA,RNBJ0628,Hayden_BSU_Herbivore_Reruns_Plate_4_KI5.20.16_G8,G8,Start Pen,Kayi,GCTGAGCCTTTG
12798.KI6.17.16,224,224,0,224,5.024493578,4.342727618,0.968371571,31.61712488,35.73984349,KI6.17.16,Kayi,White-tailed,6/17/2016,16169,Natural Pens,June Trial,Sand Creek,30.785,6.4,64.425,11.91,5.57,0.05400925,0,0.006252603,0.620440083,0.290712039,0.015003683,0.03630616,32,2.601107,Illumina MiSeq,"Illumina EMP protocol 515fbc, 806r amplification of 16S rRNA V4",GT,978215,FWD:GTGYCAGCMGCCGCGGTAA; REV:GGACTACNVGGGTWTCTAAT,Illumina,MB,GTGTGYCAGCMGCCGCGGTAA,62320,4,Echo550,Hayden BSU Herbivore Reruns,10343,UCSDMI,2/12/2021,Hayden_BSU_Herbivore_Reruns_Plate_1-5_w_DHMC_Mills_Plate_2_S1_L001,210212_M05314_0275_000000000_JGYD5,Hayden_BSU_Herbivore_Reruns_Plate_4,Sequencing by synthesis,16S rRNA,V4,NA,NA,NA,RNBJ0628,Hayden_BSU_Herbivore_Reruns_Plate_4_KI6.17.16_H8,H8,June Trial,Kayi,ACTTAGACTCTT
12798.KI6.2.16,96,96,0,96,4.182054918,3.763925788,0.948215173,19.31067573,17.73842291,KI6.2.16,Kayi,White-tailed,6/2/2016,16154,Pre Transition,Pre Transition,PreTransition (Malo),30.71,6.58099605,62.695,11.49,4.65,0.073108526,0.003370651,0.021207014,0.121544079,0.815717668,0.035351711,0.002808876,49,2.381729266,Illumina MiSeq,"Illumina EMP protocol 515fbc, 806r amplification of 16S rRNA V4",GT,978215,FWD:GTGYCAGCMGCCGCGGTAA; REV:GGACTACNVGGGTWTCTAAT,Illumina,MB,GTGTGYCAGCMGCCGCGGTAA,62320,4,Echo550,Hayden BSU Herbivore Reruns,10343,UCSDMI,2/12/2021,Hayden_BSU_Herbivore_Reruns_Plate_1-5_w_DHMC_Mills_Plate_2_S1_L001,210212_M05314_0275_000000000_JGYD5,Hayden_BSU_Herbivore_Reruns_Plate_4,Sequencing by synthesis,16S rRNA,V4,NA,NA,NA,RNBJ0628,Hayden_BSU_Herbivore_Reruns_Plate_4_KI6.2.16_A9,A9,Pre Transition,Kayi,GTAATTGTAATT
12798.KI6.23.16,198,198,0,198,4.82889033,4.489875474,0.978722387,46.99775228,33.39776096,KI6.23.16,Kayi,White-tailed,6/23/2016,16175,Natural Pens,June Trial,Deadman,28.62,5.81,65.415,12.09,5.745,0.068260596,0,0.007425541,0.473372624,0.458505678,0.016445843,0.026233742,39,,Illumina MiSeq,"Illumina EMP protocol 515fbc, 806r amplification of 16S rRNA V4",GT,978215,FWD:GTGYCAGCMGCCGCGGTAA; REV:GGACTACNVGGGTWTCTAAT,Illumina,MB,GTGTGYCAGCMGCCGCGGTAA,62320,4,Echo550,Hayden BSU Herbivore Reruns,10343,UCSDMI,2/12/2021,Hayden_BSU_Herbivore_Reruns_Plate_1-5_w_DHMC_Mills_Plate_2_S1_L001,210212_M05314_0275_000000000_JGYD5,Hayden_BSU_Herbivore_Reruns_Plate_4,Sequencing by synthesis,16S rRNA,V4,NA,NA,NA,RNBJ0628,Hayden_BSU_Herbivore_Reruns_Plate_4_KI6.23.16_B9,B9,June Trial,Kayi,TCTAACGAGTGC
12798.KI7.19.16,281,281,0,281,6.091824052,4.629244596,0.96941343,32.69408773,47.76317883,KI7.19.16,Kayi,White-tailed,7/19/2016,16201,Natural Pens,July Trial,Swansong,33.71333333,6.4,63.10333333,11.50333333,5.253333333,0.05400925,0,0.004771604,0.296082925,0.604676596,0,0.047262151,32,1.0829155,Illumina MiSeq,"Illumina EMP protocol 515fbc, 806r amplification of 16S rRNA V4",GT,978215,FWD:GTGYCAGCMGCCGCGGTAA; REV:GGACTACNVGGGTWTCTAAT,Illumina,MB,GTGTGYCAGCMGCCGCGGTAA,62320,4,Echo550,Hayden BSU Herbivore Reruns,10343,UCSDMI,2/12/2021,Hayden_BSU_Herbivore_Reruns_Plate_1-5_w_DHMC_Mills_Plate_2_S1_L001,210212_M05314_0275_000000000_JGYD5,Hayden_BSU_Herbivore_Reruns_Plate_4,Sequencing by synthesis,16S rRNA,V4,NA,NA,NA,RNBJ0628,Hayden_BSU_Herbivore_Reruns_Plate_4_KI7.19.16_C9,C9,July Trial,Kayi,CGTTCCTTGTTA
12798.KI7.5.16,108,108,0,108,3.691832828,3.904805409,0.958426991,24.05406828,18.60797928,KI7.5.16,Kayi,White-tailed,7/5/2016,16187,Natural Pens,July Trial,Hall,32.22,5.45,61.12,11,1.93,0.040207116,0,0.0110857,0.030629119,0.669775498,0,0.113563473,19,1.42,Illumina MiSeq,"Illumina EMP protocol 515fbc, 806r amplification of 16S rRNA V4",GT,978215,FWD:GTGYCAGCMGCCGCGGTAA; REV:GGACTACNVGGGTWTCTAAT,Illumina,MB,GTGTGYCAGCMGCCGCGGTAA,62320,4,Echo550,Hayden BSU Herbivore Reruns,10343,UCSDMI,2/12/2021,Hayden_BSU_Herbivore_Reruns_Plate_1-5_w_DHMC_Mills_Plate_2_S1_L001,210212_M05314_0275_000000000_JGYD5,Hayden_BSU_Herbivore_Reruns_Plate_4,Sequencing by synthesis,16S rRNA,V4,NA,NA,NA,RNBJ0628,Hayden_BSU_Herbivore_Reruns_Plate_4_KI7.5.16_D9,D9,July Trial,Kayi,CGTCGCAGCCTT
12798.KI8.13.16,282,282,0,282,6.093828991,4.660170353,0.976484033,42.52429805,47.55286637,KI8.13.16,Kayi,White-tailed,8/13/2016,16226,End Pen,End Pen,End Pen (WUF),35.59,5.97,64.26,11.38860419,12.95686572,0,0.95,0,0,0,0,0,3,1.1,Illumina MiSeq,"Illumina EMP protocol 515fbc, 806r amplification of 16S rRNA V4",GT,978215,FWD:GTGYCAGCMGCCGCGGTAA; REV:GGACTACNVGGGTWTCTAAT,Illumina,MB,GTGTGYCAGCMGCCGCGGTAA,62320,4,Echo550,Hayden BSU Herbivore Reruns,10343,UCSDMI,2/12/2021,Hayden_BSU_Herbivore_Reruns_Plate_1-5_w_DHMC_Mills_Plate_2_S1_L001,210212_M05314_0275_000000000_JGYD5,Hayden_BSU_Herbivore_Reruns_Plate_4,Sequencing by synthesis,16S rRNA,V4,NA,NA,NA,RNBJ0628,Hayden_BSU_Herbivore_Reruns_Plate_4_KI8.13.16_E9,E9,End Pen,Kayi,AGCGATTCCTCG
12798.KI8.17.16,244,244,0,244,5.840432838,4.783125008,0.982600902,57.47424444,43.26202773,KI8.17.16,Kayi,White-tailed,8/17/2016,16230,End Pen,End Pen,End Pen (WUF),35.59,5.97,64.26,11.38860419,12.95686572,0,0.95,0,0,0,0,0,3,1.1,Illumina MiSeq,"Illumina EMP protocol 515fbc, 806r amplification of 16S rRNA V4",GT,978215,FWD:GTGYCAGCMGCCGCGGTAA; REV:GGACTACNVGGGTWTCTAAT,Illumina,MB,GTGTGYCAGCMGCCGCGGTAA,62320,4,Echo550,Hayden BSU Herbivore Reruns,10343,UCSDMI,2/12/2021,Hayden_BSU_Herbivore_Reruns_Plate_1-5_w_DHMC_Mills_Plate_2_S1_L001,210212_M05314_0275_000000000_JGYD5,Hayden_BSU_Herbivore_Reruns_Plate_4,Sequencing by synthesis,16S rRNA,V4,NA,NA,NA,RNBJ0628,Hayden_BSU_Herbivore_Reruns_Plate_4_KI8.17.16_F9,F9,End Pen,Kayi,CGTGAGGACCAG
12798.KI8.2.16,136,136,0,136,4.445751442,4.082595612,0.962394327,26.59173266,24.79488447,KI8.2.16,Kayi,White-tailed,8/2/2016,16215,Natural Pens,August Trial,North Sherman,33.90333333,5.68,65.30333333,12.01333333,6.38,0.040998877,0,0,0.441169013,0.446927979,0.00023174,0.027654105,34,2.4525,Illumina MiSeq,"Illumina EMP protocol 515fbc, 806r amplification of 16S rRNA V4",GT,978215,FWD:GTGYCAGCMGCCGCGGTAA; REV:GGACTACNVGGGTWTCTAAT,Illumina,MB,GTGTGYCAGCMGCCGCGGTAA,62320,4,Echo550,Hayden BSU Herbivore Reruns,10343,UCSDMI,2/12/2021,Hayden_BSU_Herbivore_Reruns_Plate_1-5_w_DHMC_Mills_Plate_2_S1_L001,210212_M05314_0275_000000000_JGYD5,Hayden_BSU_Herbivore_Reruns_Plate_4,Sequencing by synthesis,16S rRNA,V4,NA,NA,NA,RNBJ0628,Hayden_BSU_Herbivore_Reruns_Plate_4_KI8.2.16_G9,G9,August Trial,Kayi,AGAGACGCGTAG
12798.KI8.5.16,161,161,0,161,4.740469353,4.206236889,0.969690783,32.9932642,27.67868767,KI8.5.16,Kayi,White-tailed,8/5/2016,16218,Post Transition,Post Transition,PostTransition (WUF),35.59,5.97,64.26,11.38860419,12.95686572,0,0.45,0,0.55,0,0,0,22,2.342856,Illumina MiSeq,"Illumina EMP protocol 515fbc, 806r amplification of 16S rRNA V4",GT,978215,FWD:GTGYCAGCMGCCGCGGTAA; REV:GGACTACNVGGGTWTCTAAT,Illumina,MB,GTGTGYCAGCMGCCGCGGTAA,62320,4,Echo550,Hayden BSU Herbivore Reruns,10343,UCSDMI,2/12/2021,Hayden_BSU_Herbivore_Reruns_Plate_1-5_w_DHMC_Mills_Plate_2_S1_L001,210212_M05314_0275_000000000_JGYD5,Hayden_BSU_Herbivore_Reruns_Plate_4,Sequencing by synthesis,16S rRNA,V4,NA,NA,NA,RNBJ0628,Hayden_BSU_Herbivore_Reruns_Plate_4_KI8.5.16_H9,H9,Post Transition,Kayi,GGACCTGGATGG
12798.KI8.6.16,210,210,0,210,5.847669458,4.326123666,0.97092643,34.39550079,34.98909518,KI8.6.16,Kayi,White-tailed,8/6/2016,16219,Post Transition,Post Transition,PostTransition (WUF),35.59,5.97,64.26,11.38860419,12.95686572,0,0.45,0,0.55,0,0,0,22,2.342856,Illumina MiSeq,"Illumina EMP protocol 515fbc, 806r amplification of 16S rRNA V4",GT,978215,FWD:GTGYCAGCMGCCGCGGTAA; REV:GGACTACNVGGGTWTCTAAT,Illumina,MB,GTGTGYCAGCMGCCGCGGTAA,62320,4,Echo550,Hayden BSU Herbivore Reruns,10343,UCSDMI,2/12/2021,Hayden_BSU_Herbivore_Reruns_Plate_1-5_w_DHMC_Mills_Plate_2_S1_L001,210212_M05314_0275_000000000_JGYD5,Hayden_BSU_Herbivore_Reruns_Plate_4,Sequencing by synthesis,16S rRNA,V4,NA,NA,NA,RNBJ0628,Hayden_BSU_Herbivore_Reruns_Plate_4_KI8.6.16_A10,A10,Post Transition,Kayi,TGCTACAGACGT
12798.KS5.20.16,246,246,0,246,5.66834026,4.403416353,0.960644081,25.40913863,40.84968638,KS5.20.16,Kestrel,Mule Deer,5/20/2016,16141,Start Pen,Start Pen,Start Pen (WUF),35.59,5.97,64.26,11.38860419,12.95686572,0,0.95,0,0,0,0,0,3,1.1,Illumina MiSeq,"Illumina EMP protocol 515fbc, 806r amplification of 16S rRNA V4",GT,978215,FWD:GTGYCAGCMGCCGCGGTAA; REV:GGACTACNVGGGTWTCTAAT,Illumina,MB,GTGTGYCAGCMGCCGCGGTAA,62320,4,Echo550,Hayden BSU Herbivore Reruns,10343,UCSDMI,2/12/2021,Hayden_BSU_Herbivore_Reruns_Plate_1-5_w_DHMC_Mills_Plate_2_S1_L001,210212_M05314_0275_000000000_JGYD5,Hayden_BSU_Herbivore_Reruns_Plate_4,Sequencing by synthesis,16S rRNA,V4,NA,NA,NA,RNBJ0628,Hayden_BSU_Herbivore_Reruns_Plate_4_KS5.20.16_B10,B10,Start Pen,Kestrel,GATCCCACGTAC
12798.KS7.19.16,131,131,0,131,4.751857813,4.293285754,0.977780127,45.00475742,23.65964908,KS7.19.16,Kestrel,Mule Deer,7/19/2016,16201,Natural Pens,July Trial,Swansong,35.15,6.14,62.9,11.71,6.74,0.051975461,0,0.001744613,0.078902767,0.688498725,0.000421517,0.229744484,13,2.445884,Illumina MiSeq,"Illumina EMP protocol 515fbc, 806r amplification of 16S rRNA V4",GT,978215,FWD:GTGYCAGCMGCCGCGGTAA; REV:GGACTACNVGGGTWTCTAAT,Illumina,MB,GTGTGYCAGCMGCCGCGGTAA,62320,4,Echo550,Hayden BSU Herbivore Reruns,10343,UCSDMI,2/12/2021,Hayden_BSU_Herbivore_Reruns_Plate_1-5_w_DHMC_Mills_Plate_2_S1_L001,210212_M05314_0275_000000000_JGYD5,Hayden_BSU_Herbivore_Reruns_Plate_4,Sequencing by synthesis,16S rRNA,V4,NA,NA,NA,RNBJ0628,Hayden_BSU_Herbivore_Reruns_Plate_4_KS7.19.16_C10,C10,July Trial,Kestrel,CGCTAGGATGTT
12798.KS7.5.16,235,235,0,235,5.041951665,4.59348191,0.976153689,41.9352071,38.65047854,KS7.5.16,Kestrel,Mule Deer,7/5/2016,16187,Natural Pens,July Trial,Hall,41.43,7.44,54.93,10.34,2.98,0.012775974,0,0.132305572,0.51116168,0,0,0.089998558,6,2.662341,Illumina MiSeq,"Illumina EMP protocol 515fbc, 806r amplification of 16S rRNA V4",GT,978215,FWD:GTGYCAGCMGCCGCGGTAA; REV:GGACTACNVGGGTWTCTAAT,Illumina,MB,GTGTGYCAGCMGCCGCGGTAA,62320,4,Echo550,Hayden BSU Herbivore Reruns,10343,UCSDMI,2/12/2021,Hayden_BSU_Herbivore_Reruns_Plate_1-5_w_DHMC_Mills_Plate_2_S1_L001,210212_M05314_0275_000000000_JGYD5,Hayden_BSU_Herbivore_Reruns_Plate_4,Sequencing by synthesis,16S rRNA,V4,NA,NA,NA,RNBJ0628,Hayden_BSU_Herbivore_Reruns_Plate_4_KS7.5.16_D10,D10,July Trial,Kestrel,CTACTTACATCC
12798.KS8.12.16,59,59,0,59,3.536732189,3.355174699,0.939927043,16.64642557,11.10908269,KS8.12.16,Kestrel,Mule Deer,8/12/2016,16225,End Pen,End Pen,End Pen (WUF),35.59,5.97,64.26,11.38860419,12.95686572,0,0.95,0,0,0,0,0,3,1.1,Illumina MiSeq,"Illumina EMP protocol 515fbc, 806r amplification of 16S rRNA V4",GT,978215,FWD:GTGYCAGCMGCCGCGGTAA; REV:GGACTACNVGGGTWTCTAAT,Illumina,MB,GTGTGYCAGCMGCCGCGGTAA,62320,4,Echo550,Hayden BSU Herbivore Reruns,10343,UCSDMI,2/12/2021,Hayden_BSU_Herbivore_Reruns_Plate_1-5_w_DHMC_Mills_Plate_2_S1_L001,210212_M05314_0275_000000000_JGYD5,Hayden_BSU_Herbivore_Reruns_Plate_4,Sequencing by synthesis,16S rRNA,V4,NA,NA,NA,RNBJ0628,Hayden_BSU_Herbivore_Reruns_Plate_4_KS8.12.16_E10,E10,End Pen,Kestrel,ACCACCGTAACC
12798.KS8.17.16,219,219,0,219,5.826251409,4.762952414,0.982690894,57.77305935,39.77423498,KS8.17.16,Kestrel,Mule Deer,8/17/2016,16230,End Pen,End Pen,End Pen (WUF),35.59,5.97,64.26,11.38860419,12.95686572,0,0.95,0,0,0,0,0,3,1.1,Illumina MiSeq,"Illumina EMP protocol 515fbc, 806r amplification of 16S rRNA V4",GT,978215,FWD:GTGYCAGCMGCCGCGGTAA; REV:GGACTACNVGGGTWTCTAAT,Illumina,MB,GTGTGYCAGCMGCCGCGGTAA,62320,4,Echo550,Hayden BSU Herbivore Reruns,10343,UCSDMI,2/12/2021,Hayden_BSU_Herbivore_Reruns_Plate_1-5_w_DHMC_Mills_Plate_2_S1_L001,210212_M05314_0275_000000000_JGYD5,Hayden_BSU_Herbivore_Reruns_Plate_4,Sequencing by synthesis,16S rRNA,V4,NA,NA,NA,RNBJ0628,Hayden_BSU_Herbivore_Reruns_Plate_4_KS8.17.16_F10,F10,End Pen,Kestrel,CGGTTGGCGGGT
12798.KS8.2.16,206,206,0,206,5.677412237,4.255602264,0.958469296,24.07857067,34.76364451,KS8.2.16,Kestrel,Mule Deer,8/2/2016,16215,Natural Pens,August Trial,North Sherman,32.40333333,7.65,61.61666667,11.67333333,7.23,0.048729837,0,0,0.860079957,0.138769378,0.000835339,0,17.5,1.740886,Illumina MiSeq,"Illumina EMP protocol 515fbc, 806r amplification of 16S rRNA V4",GT,978215,FWD:GTGYCAGCMGCCGCGGTAA; REV:GGACTACNVGGGTWTCTAAT,Illumina,MB,GTGTGYCAGCMGCCGCGGTAA,62320,4,Echo550,Hayden BSU Herbivore Reruns,10343,UCSDMI,2/12/2021,Hayden_BSU_Herbivore_Reruns_Plate_1-5_w_DHMC_Mills_Plate_2_S1_L001,210212_M05314_0275_000000000_JGYD5,Hayden_BSU_Herbivore_Reruns_Plate_4,Sequencing by synthesis,16S rRNA,V4,NA,NA,NA,RNBJ0628,Hayden_BSU_Herbivore_Reruns_Plate_4_KS8.2.16_G10,G10,August Trial,Kestrel,CCACCGGGCCGA
12798.KS8.5.16,267,267,0,267,5.580866189,4.696227671,0.974016307,38.48567577,46.641463,KS8.5.16,Kestrel,Mule Deer,8/5/2016,16218,Post Transition,Post Transition,PostTransition (WUF),35.59,5.97,64.26,11.38860419,12.95686572,0,0.45,0,0.55,0,0,0,11,2.186393,Illumina MiSeq,"Illumina EMP protocol 515fbc, 806r amplification of 16S rRNA V4",GT,978215,FWD:GTGYCAGCMGCCGCGGTAA; REV:GGACTACNVGGGTWTCTAAT,Illumina,MB,GTGTGYCAGCMGCCGCGGTAA,62320,4,Echo550,Hayden BSU Herbivore Reruns,10343,UCSDMI,2/12/2021,Hayden_BSU_Herbivore_Reruns_Plate_1-5_w_DHMC_Mills_Plate_2_S1_L001,210212_M05314_0275_000000000_JGYD5,Hayden_BSU_Herbivore_Reruns_Plate_4,Sequencing by synthesis,16S rRNA,V4,NA,NA,NA,RNBJ0628,Hayden_BSU_Herbivore_Reruns_Plate_4_KS8.5.16_H10,H10,Post Transition,Kestrel,TATGTGCCGGCT
12798.KS8.6.16,276,276,0,276,5.786979388,4.837691131,0.98334423,60.03925369,47.27220484,KS8.6.16,Kestrel,Mule Deer,8/6/2016,16219,Post Transition,Post Transition,PostTransition (WUF),35.59,5.97,64.26,11.38860419,12.95686572,0,0.45,0,0.55,0,0,0,11,2.186393,Illumina MiSeq,"Illumina EMP protocol 515fbc, 806r amplification of 16S rRNA V4",GT,978215,FWD:GTGYCAGCMGCCGCGGTAA; REV:GGACTACNVGGGTWTCTAAT,Illumina,MB,GTGTGYCAGCMGCCGCGGTAA,62320,4,Echo550,Hayden BSU Herbivore Reruns,10343,UCSDMI,2/12/2021,Hayden_BSU_Herbivore_Reruns_Plate_1-5_w_DHMC_Mills_Plate_2_S1_L001,210212_M05314_0275_000000000_JGYD5,Hayden_BSU_Herbivore_Reruns_Plate_4,Sequencing by synthesis,16S rRNA,V4,NA,NA,NA,RNBJ0628,Hayden_BSU_Herbivore_Reruns_Plate_4_KS8.6.16_A11,A11,Post Transition,Kestrel,AGGTGAGTTCTA
12798.LC6.14.16,189,189,0,189,4.735322631,4.446941361,0.97613471,41.90185909,31.06764347,LC6.14.16,Lucy,White-tailed,6/14/2016,16166,Natural Pens,June Trial,Sand Creek,34.42,6.1167972,61.69,11.47,6.68,0.117,0,0.00796096,0.864415541,0.09176816,0.001809309,0.012272286,31,1.773807,Illumina MiSeq,"Illumina EMP protocol 515fbc, 806r amplification of 16S rRNA V4",GT,978215,FWD:GTGYCAGCMGCCGCGGTAA; REV:GGACTACNVGGGTWTCTAAT,Illumina,MB,GTGTGYCAGCMGCCGCGGTAA,62320,4,Echo550,Hayden BSU Herbivore Reruns,10343,UCSDMI,2/12/2021,Hayden_BSU_Herbivore_Reruns_Plate_1-5_w_DHMC_Mills_Plate_2_S1_L001,210212_M05314_0275_000000000_JGYD5,Hayden_BSU_Herbivore_Reruns_Plate_4,Sequencing by synthesis,16S rRNA,V4,NA,NA,NA,RNBJ0628,Hayden_BSU_Herbivore_Reruns_Plate_4_LC6.14.16_B11,B11,June Trial,Lucy,CCGCCAGCTTTG
12798.LC6.17.16,189,189,0,189,5.155774489,4.331632013,0.971237323,34.76727839,31.80383791,LC6.17.16,Lucy,White-tailed,6/17/2016,16169,Natural Pens,June Trial,Sand Creek,34.54,7.2515055,63.06,11.58,5.1,0.036,0,0.019432734,0.528028799,0.393093415,0.03238789,0.015652377,24,2.341425,Illumina MiSeq,"Illumina EMP protocol 515fbc, 806r amplification of 16S rRNA V4",GT,978215,FWD:GTGYCAGCMGCCGCGGTAA; REV:GGACTACNVGGGTWTCTAAT,Illumina,MB,GTGTGYCAGCMGCCGCGGTAA,62320,4,Echo550,Hayden BSU Herbivore Reruns,10343,UCSDMI,2/12/2021,Hayden_BSU_Herbivore_Reruns_Plate_1-5_w_DHMC_Mills_Plate_2_S1_L001,210212_M05314_0275_000000000_JGYD5,Hayden_BSU_Herbivore_Reruns_Plate_4,Sequencing by synthesis,16S rRNA,V4,NA,NA,NA,RNBJ0628,Hayden_BSU_Herbivore_Reruns_Plate_4_LC6.17.16_C11,C11,June Trial,Lucy,AGCGGTAGCGGT
12798.LL5.20.16,242,242,0,242,5.659775424,4.747602382,0.985821764,70.53063468,39.2782351,LL5.20.16,Lucy,White-tailed,5/20/2016,16141,Start Pen,Start Pen,Start Pen (WUF),35.59,5.97,64.26,11.38860419,12.95686572,0,0.95,0,0,0,0,0,3,1.1,Illumina MiSeq,"Illumina EMP protocol 515fbc, 806r amplification of 16S rRNA V4",GT,978215,FWD:GTGYCAGCMGCCGCGGTAA; REV:GGACTACNVGGGTWTCTAAT,Illumina,MB,GTGTGYCAGCMGCCGCGGTAA,62320,4,Echo550,Hayden BSU Herbivore Reruns,10343,UCSDMI,2/12/2021,Hayden_BSU_Herbivore_Reruns_Plate_1-5_w_DHMC_Mills_Plate_2_S1_L001,210212_M05314_0275_000000000_JGYD5,Hayden_BSU_Herbivore_Reruns_Plate_4,Sequencing by synthesis,16S rRNA,V4,NA,NA,NA,RNBJ0628,Hayden_BSU_Herbivore_Reruns_Plate_4_LL5.20.16_E11,E11,Start Pen,Lucy,AGGAAGTAACTT
12798.LL6.2.16,89,89,0,89,3.789399763,3.247621208,0.901165064,10.11787981,14.57071996,LL6.2.16,Lucy,White-tailed,6/2/2016,16154,Pre Transition,Pre Transition,PreTransition (Malo),33.375,5.357459575,64.055,11.665,6.805,0.022577132,0.018549101,0.018694429,0.394577955,0.541742083,0.013489054,0.012947378,37,2.711369833,Illumina MiSeq,"Illumina EMP protocol 515fbc, 806r amplification of 16S rRNA V4",GT,978215,FWD:GTGYCAGCMGCCGCGGTAA; REV:GGACTACNVGGGTWTCTAAT,Illumina,MB,GTGTGYCAGCMGCCGCGGTAA,62320,4,Echo550,Hayden BSU Herbivore Reruns,10343,UCSDMI,2/12/2021,Hayden_BSU_Herbivore_Reruns_Plate_1-5_w_DHMC_Mills_Plate_2_S1_L001,210212_M05314_0275_000000000_JGYD5,Hayden_BSU_Herbivore_Reruns_Plate_4,Sequencing by synthesis,16S rRNA,V4,NA,NA,NA,RNBJ0628,Hayden_BSU_Herbivore_Reruns_Plate_4_LL6.2.16_F11,F11,Pre Transition,Lucy,CGATTCCTTAAT
12798.LL6.23.16,134,134,0,134,4.577687613,1.848390715,0.5020693,2.008311597,18.7380215,LL6.23.16,Lucy,White-tailed,6/23/2016,16175,Natural Pens,June Trial,Deadman,32.69,7.03,62.59,11.91,6.975,0.099452755,0,0.017175075,0.693934254,0.175340656,0.016118601,0.084685401,39,2.681861,Illumina MiSeq,"Illumina EMP protocol 515fbc, 806r amplification of 16S rRNA V4",GT,978215,FWD:GTGYCAGCMGCCGCGGTAA; REV:GGACTACNVGGGTWTCTAAT,Illumina,MB,GTGTGYCAGCMGCCGCGGTAA,62320,4,Echo550,Hayden BSU Herbivore Reruns,10343,UCSDMI,2/12/2021,Hayden_BSU_Herbivore_Reruns_Plate_1-5_w_DHMC_Mills_Plate_2_S1_L001,210212_M05314_0275_000000000_JGYD5,Hayden_BSU_Herbivore_Reruns_Plate_4,Sequencing by synthesis,16S rRNA,V4,NA,NA,NA,RNBJ0628,Hayden_BSU_Herbivore_Reruns_Plate_4_LL6.23.16_G11,G11,June Trial,Lucy,AATCCGGTCACC
12798.LL7.19.16,204,204,0,204,4.517395571,4.657589607,0.981793812,54.92637939,35.70514149,LL7.19.16,Lucy,White-tailed,7/19/2016,16201,Natural Pens,July Trial,Swansong,32.85666667,6.68,62.73333333,11.35666667,5.61,0.076475031,0,0.007781469,0.301075156,0.506517148,0.00379967,0.126266182,28,2.0029265,Illumina MiSeq,"Illumina EMP protocol 515fbc, 806r amplification of 16S rRNA V4",GT,978215,FWD:GTGYCAGCMGCCGCGGTAA; REV:GGACTACNVGGGTWTCTAAT,Illumina,MB,GTGTGYCAGCMGCCGCGGTAA,62320,4,Echo550,Hayden BSU Herbivore Reruns,10343,UCSDMI,2/12/2021,Hayden_BSU_Herbivore_Reruns_Plate_1-5_w_DHMC_Mills_Plate_2_S1_L001,210212_M05314_0275_000000000_JGYD5,Hayden_BSU_Herbivore_Reruns_Plate_4,Sequencing by synthesis,16S rRNA,V4,NA,NA,NA,RNBJ0628,Hayden_BSU_Herbivore_Reruns_Plate_4_LL7.19.16_H11,H11,July Trial,Lucy,ATACCGTCTTTC
12798.LL7.5.16,290,290,0,290,5.872202195,4.811227997,0.981063824,52.80897353,48.03757287,LL7.5.16,Lucy,White-tailed,7/5/2016,16187,Natural Pens,July Trial,Hall,34.18,7.24,59.66,10.93,1.78,0.037867107,0,0,0.070215373,0.487538689,0.01051046,0.190190441,21,2.024578,Illumina MiSeq,"Illumina EMP protocol 515fbc, 806r amplification of 16S rRNA V4",GT,978215,FWD:GTGYCAGCMGCCGCGGTAA; REV:GGACTACNVGGGTWTCTAAT,Illumina,MB,GTGTGYCAGCMGCCGCGGTAA,62320,4,Echo550,Hayden BSU Herbivore Reruns,10343,UCSDMI,2/12/2021,Hayden_BSU_Herbivore_Reruns_Plate_1-5_w_DHMC_Mills_Plate_2_S1_L001,210212_M05314_0275_000000000_JGYD5,Hayden_BSU_Herbivore_Reruns_Plate_4,Sequencing by synthesis,16S rRNA,V4,NA,NA,NA,RNBJ0628,Hayden_BSU_Herbivore_Reruns_Plate_4_LL7.5.16_A12,A12,July Trial,Lucy,AACGATCATAGA
12798.LL8.17.16,179,179,0,179,4.637712786,4.37373299,0.97588509,41.46812029,30.62518553,LL8.17.16,Lucy,White-tailed,8/17/2016,16230,End Pen,End Pen,End Pen (WUF),35.59,5.97,64.26,11.38860419,12.95686572,0,0.95,0,0,0,0,0,3,1.1,Illumina MiSeq,"Illumina EMP protocol 515fbc, 806r amplification of 16S rRNA V4",GT,978215,FWD:GTGYCAGCMGCCGCGGTAA; REV:GGACTACNVGGGTWTCTAAT,Illumina,MB,GTGTGYCAGCMGCCGCGGTAA,62320,4,Echo550,Hayden BSU Herbivore Reruns,10343,UCSDMI,2/12/2021,Hayden_BSU_Herbivore_Reruns_Plate_1-5_w_DHMC_Mills_Plate_2_S1_L001,210212_M05314_0275_000000000_JGYD5,Hayden_BSU_Herbivore_Reruns_Plate_4,Sequencing by synthesis,16S rRNA,V4,NA,NA,NA,RNBJ0628,Hayden_BSU_Herbivore_Reruns_Plate_4_LL8.17.16_D11,D11,End Pen,Lucy,CGCACGTACCTC
12798.LL8.2.16,297,297,0.499157539,297.1445783,5.59751344,4.788702269,0.977433061,44.31261199,49.91833668,LL8.2.16,Lucy,White-tailed,8/2/2016,16215,Natural Pens,August Trial,North Sherman,31.83666667,6.27,63.32333333,11.94,7.936666667,0.015342622,0,0.006043221,0.53051128,0.310284467,0.001108757,0.044357257,36,2.79318885,Illumina MiSeq,"Illumina EMP protocol 515fbc, 806r amplification of 16S rRNA V4",GT,978215,FWD:GTGYCAGCMGCCGCGGTAA; REV:GGACTACNVGGGTWTCTAAT,Illumina,MB,GTGTGYCAGCMGCCGCGGTAA,62320,4,Echo550,Hayden BSU Herbivore Reruns,10343,UCSDMI,2/12/2021,Hayden_BSU_Herbivore_Reruns_Plate_1-5_w_DHMC_Mills_Plate_2_S1_L001,210212_M05314_0275_000000000_JGYD5,Hayden_BSU_Herbivore_Reruns_Plate_4,Sequencing by synthesis,16S rRNA,V4,NA,NA,NA,RNBJ0628,Hayden_BSU_Herbivore_Reruns_Plate_4_LL8.2.16_B12,B12,August Trial,Lucy,TCATCTTGATTG
12798.LL8.5.16,314,314,0,314,6.265871567,5.004506912,0.986539293,74.29030354,53.94778579,LL8.5.16,Lucy,White-tailed,8/5/2016,16218,Post Transition,Post Transition,PostTransition (WUF),35.59,5.97,64.26,11.38860419,12.95686572,0,0.45,0,0.55,0,0,0,16,1.933783,Illumina MiSeq,"Illumina EMP protocol 515fbc, 806r amplification of 16S rRNA V4",GT,978215,FWD:GTGYCAGCMGCCGCGGTAA; REV:GGACTACNVGGGTWTCTAAT,Illumina,MB,GTGTGYCAGCMGCCGCGGTAA,62320,4,Echo550,Hayden BSU Herbivore Reruns,10343,UCSDMI,2/12/2021,Hayden_BSU_Herbivore_Reruns_Plate_1-5_w_DHMC_Mills_Plate_2_S1_L001,210212_M05314_0275_000000000_JGYD5,Hayden_BSU_Herbivore_Reruns_Plate_4,Sequencing by synthesis,16S rRNA,V4,NA,NA,NA,RNBJ0628,Hayden_BSU_Herbivore_Reruns_Plate_4_LL8.5.16_C12,C12,Post Transition,Lucy,GTCAGTATGGCT
12798.LL8.6.16,116,116,0,116,3.985966763,3.056035934,0.845324928,6.465165885,17.63537723,LL8.6.16,Lucy,White-tailed,8/6/2016,16219,Post Transition,Post Transition,PostTransition (WUF),35.59,5.97,64.26,11.38860419,12.95686572,0,0.45,0,0.55,0,0,0,16,1.933783,Illumina MiSeq,"Illumina EMP protocol 515fbc, 806r amplification of 16S rRNA V4",GT,978215,FWD:GTGYCAGCMGCCGCGGTAA; REV:GGACTACNVGGGTWTCTAAT,Illumina,MB,GTGTGYCAGCMGCCGCGGTAA,62320,4,Echo550,Hayden BSU Herbivore Reruns,10343,UCSDMI,2/12/2021,Hayden_BSU_Herbivore_Reruns_Plate_1-5_w_DHMC_Mills_Plate_2_S1_L001,210212_M05314_0275_000000000_JGYD5,Hayden_BSU_Herbivore_Reruns_Plate_4,Sequencing by synthesis,16S rRNA,V4,NA,NA,NA,RNBJ0628,Hayden_BSU_Herbivore_Reruns_Plate_4_LL8.6.16_D12,D12,Post Transition,Lucy,GTCCTCGCGACT
12798.PP5.20.16,314,314,0,314,6.376709213,4.886282933,0.982336657,56.6144236,54.31620949,PP5.20.16,Piper,White-tailed,5/20/2016,16141,Start Pen,Start Pen,Start Pen (WUF),35.59,5.97,64.26,11.38860419,12.95686572,0,0.95,0,0,0,0,0,3,1.1,Illumina MiSeq,"Illumina EMP protocol 515fbc, 806r amplification of 16S rRNA V4",GT,978215,FWD:GTGYCAGCMGCCGCGGTAA; REV:GGACTACNVGGGTWTCTAAT,Illumina,MB,GTGTGYCAGCMGCCGCGGTAA,62320,4,Echo550,Hayden BSU Herbivore Reruns,10343,UCSDMI,2/12/2021,Hayden_BSU_Herbivore_Reruns_Plate_1-5_w_DHMC_Mills_Plate_2_S1_L001,210212_M05314_0275_000000000_JGYD5,Hayden_BSU_Herbivore_Reruns_Plate_4,Sequencing by synthesis,16S rRNA,V4,NA,NA,NA,RNBJ0628,Hayden_BSU_Herbivore_Reruns_Plate_4_PP5.20.16_E12,E12,Start Pen,Piper,CGTTCGCTAGCC
12798.PP6.14.16,187,187,0,187,5.213105657,4.489664896,0.980347628,50.88444409,31.55257332,PP6.14.16,Piper,White-tailed,6/14/2016,16166,Natural Pens,June Trial,Sand Creek,33.65,6.34030035,62.64,11.75,6.16,0.041,0,0,0.685873689,0.236115675,0.002621516,0.045678607,33,2.943755,Illumina MiSeq,"Illumina EMP protocol 515fbc, 806r amplification of 16S rRNA V4",GT,978215,FWD:GTGYCAGCMGCCGCGGTAA; REV:GGACTACNVGGGTWTCTAAT,Illumina,MB,GTGTGYCAGCMGCCGCGGTAA,62320,4,Echo550,Hayden BSU Herbivore Reruns,10343,UCSDMI,2/12/2021,Hayden_BSU_Herbivore_Reruns_Plate_1-5_w_DHMC_Mills_Plate_2_S1_L001,210212_M05314_0275_000000000_JGYD5,Hayden_BSU_Herbivore_Reruns_Plate_4,Sequencing by synthesis,16S rRNA,V4,NA,NA,NA,RNBJ0628,Hayden_BSU_Herbivore_Reruns_Plate_4_PP6.14.16_F12,F12,June Trial,Piper,TGCCTGCTCGAC
12798.PP6.17.16,139,139,0,139,4.456020097,4.286516993,0.97635949,42.30027178,24.22045541,PP6.17.16,Piper,White-tailed,6/17/2016,16169,Natural Pens,June Trial,Sand Creek,28.47,7.3317374,65.87,12.04,5.32,0.034,0,0.003688642,0.710396227,0.26578885,0.015117387,0.00202573,27,2.190585,Illumina MiSeq,"Illumina EMP protocol 515fbc, 806r amplification of 16S rRNA V4",GT,978215,FWD:GTGYCAGCMGCCGCGGTAA; REV:GGACTACNVGGGTWTCTAAT,Illumina,MB,GTGTGYCAGCMGCCGCGGTAA,62320,4,Echo550,Hayden BSU Herbivore Reruns,10343,UCSDMI,2/12/2021,Hayden_BSU_Herbivore_Reruns_Plate_1-5_w_DHMC_Mills_Plate_2_S1_L001,210212_M05314_0275_000000000_JGYD5,Hayden_BSU_Herbivore_Reruns_Plate_4,Sequencing by synthesis,16S rRNA,V4,NA,NA,NA,RNBJ0628,Hayden_BSU_Herbivore_Reruns_Plate_4_PP6.17.16_G12,G12,June Trial,Piper,TCTTACCCATAA
12798.PP6.2.16,250,250,0,250,5.551216083,4.704250079,0.982405234,56.83508541,40.37416994,PP6.2.16,Piper,White-tailed,6/2/2016,16154,Pre Transition,Pre Transition,PreTransition (Malo),29.745,6.314511525,65.52,11.89,6.77,0.059203358,0.016536635,0.006869064,0.128021116,0.810549525,0.035055546,0.002968114,32,1.642337149,Illumina MiSeq,"Illumina EMP protocol 515fbc, 806r amplification of 16S rRNA V4",GT,978215,FWD:GTGYCAGCMGCCGCGGTAA; REV:GGACTACNVGGGTWTCTAAT,Illumina,MB,GTGTGYCAGCMGCCGCGGTAA,62320,4,Echo550,Hayden BSU Herbivore Reruns,10343,UCSDMI,2/12/2021,Hayden_BSU_Herbivore_Reruns_Plate_1-5_w_DHMC_Mills_Plate_2_S1_L001,210212_M05314_0275_000000000_JGYD5,Hayden_BSU_Herbivore_Reruns_Plate_4,Sequencing by synthesis,16S rRNA,V4,NA,NA,NA,RNBJ0628,Hayden_BSU_Herbivore_Reruns_Plate_4_PP6.2.16_H12,H12,Pre Transition,Piper,TGTGCTTGTAGG
12798.PP6.23.16,196,196,0,196,5.040651076,4.278136083,0.965937854,29.35810285,32.59392235,PP6.23.16,Piper,White-tailed,6/23/2016,16175,Natural Pens,June Trial,Deadman,28.34,8.43,63.2,12.19,6.795,0.087960202,0,0.002110873,0.858952435,0.087210302,0.006687299,0.035309284,33,1.864971,Illumina MiSeq,"Illumina EMP protocol 515fbc, 806r amplification of 16S rRNA V4",GT,978215,FWD:GTGYCAGCMGCCGCGGTAA; REV:GGACTACNVGGGTWTCTAAT,Illumina,MB,GTGTGYCAGCMGCCGCGGTAA,20121,5,Echo550,Hayden BSU Herbivore Reruns,10343,UCSDMI,2/12/2021,Hayden_BSU_Herbivore_Reruns_Plate_1-5_w_DHMC_Mills_Plate_2_S1_L001,210212_M05314_0275_000000000_JGYD5,Hayden_BSU_Herbivore_Reruns_Plate_5,Sequencing by synthesis,16S rRNA,V4,NA,NA,NA,RNBJ0628,Hayden_BSU_Herbivore_Reruns_Plate_5_PP6.23.16_A1,A1,June Trial,Piper,ATGTTAGGGAAT
12798.PP7.19.16,89,89,0,89,3.531559162,3.736074458,0.947864037,19.18061833,15.54393592,PP7.19.16,Piper,White-tailed,7/19/2016,16201,Natural Pens,July Trial,Swansong,34.25333333,6.84,63.56333333,11.56333333,5.933333333,0.037720307,0,0.005549648,0.331298561,0.471692512,0.000294834,0.098156282,29,2.2663875,Illumina MiSeq,"Illumina EMP protocol 515fbc, 806r amplification of 16S rRNA V4",GT,978215,FWD:GTGYCAGCMGCCGCGGTAA; REV:GGACTACNVGGGTWTCTAAT,Illumina,MB,GTGTGYCAGCMGCCGCGGTAA,20121,5,Echo550,Hayden BSU Herbivore Reruns,10343,UCSDMI,2/12/2021,Hayden_BSU_Herbivore_Reruns_Plate_1-5_w_DHMC_Mills_Plate_2_S1_L001,210212_M05314_0275_000000000_JGYD5,Hayden_BSU_Herbivore_Reruns_Plate_5,Sequencing by synthesis,16S rRNA,V4,NA,NA,NA,RNBJ0628,Hayden_BSU_Herbivore_Reruns_Plate_5_PP7.19.16_B1,B1,July Trial,Piper,AAGTGGCTATCC
12798.PP7.5.16,105,105,0,105,3.944858015,3.72873506,0.94289348,17.51113532,17.81266188,PP7.5.16,Piper,White-tailed,7/5/2016,16187,Natural Pens,July Trial,Hall,31.73,5.63,63.88,11.65,2.29,0.023620376,0,0.003629654,0.030186625,0.129911376,0,0.217416291,12,1.408888,Illumina MiSeq,"Illumina EMP protocol 515fbc, 806r amplification of 16S rRNA V4",GT,978215,FWD:GTGYCAGCMGCCGCGGTAA; REV:GGACTACNVGGGTWTCTAAT,Illumina,MB,GTGTGYCAGCMGCCGCGGTAA,20121,5,Echo550,Hayden BSU Herbivore Reruns,10343,UCSDMI,2/12/2021,Hayden_BSU_Herbivore_Reruns_Plate_1-5_w_DHMC_Mills_Plate_2_S1_L001,210212_M05314_0275_000000000_JGYD5,Hayden_BSU_Herbivore_Reruns_Plate_5,Sequencing by synthesis,16S rRNA,V4,NA,NA,NA,RNBJ0628,Hayden_BSU_Herbivore_Reruns_Plate_5_PP7.5.16_C1,C1,July Trial,Piper,GTCGTTACCCGC
12798.PP8.12.16,328,328,0,328,6.17232217,4.944193485,0.982916602,58.53636434,52.88376511,PP8.12.16,Piper,White-tailed,8/12/2016,16225,End Pen,End Pen,End Pen (WUF),35.59,5.97,64.26,11.38860419,12.95686572,0,0.95,0,0,0,0,0,3,1.1,Illumina MiSeq,"Illumina EMP protocol 515fbc, 806r amplification of 16S rRNA V4",GT,978215,FWD:GTGYCAGCMGCCGCGGTAA; REV:GGACTACNVGGGTWTCTAAT,Illumina,MB,GTGTGYCAGCMGCCGCGGTAA,20121,5,Echo550,Hayden BSU Herbivore Reruns,10343,UCSDMI,2/12/2021,Hayden_BSU_Herbivore_Reruns_Plate_1-5_w_DHMC_Mills_Plate_2_S1_L001,210212_M05314_0275_000000000_JGYD5,Hayden_BSU_Herbivore_Reruns_Plate_5,Sequencing by synthesis,16S rRNA,V4,NA,NA,NA,RNBJ0628,Hayden_BSU_Herbivore_Reruns_Plate_5_PP8.12.16_D1,D1,End Pen,Piper,AGTATATGTTTC
12798.PP8.17.16,181,181,0,181,4.641870456,4.455577148,0.976620873,42.77319611,30.25374918,PP8.17.16,Piper,White-tailed,8/17/2016,16230,End Pen,End Pen,End Pen (WUF),35.59,5.97,64.26,11.38860419,12.95686572,0,0.95,0,0,0,0,0,3,1.1,Illumina MiSeq,"Illumina EMP protocol 515fbc, 806r amplification of 16S rRNA V4",GT,978215,FWD:GTGYCAGCMGCCGCGGTAA; REV:GGACTACNVGGGTWTCTAAT,Illumina,MB,GTGTGYCAGCMGCCGCGGTAA,20121,5,Echo550,Hayden BSU Herbivore Reruns,10343,UCSDMI,2/12/2021,Hayden_BSU_Herbivore_Reruns_Plate_1-5_w_DHMC_Mills_Plate_2_S1_L001,210212_M05314_0275_000000000_JGYD5,Hayden_BSU_Herbivore_Reruns_Plate_5,Sequencing by synthesis,16S rRNA,V4,NA,NA,NA,RNBJ0628,Hayden_BSU_Herbivore_Reruns_Plate_5_PP8.17.16_E1,E1,End Pen,Piper,GGCTCGTCGGAG
12798.PP8.2.16,124,124,0,124,4.713569978,4.068224896,0.964027294,27.79885366,23.18434874,PP8.2.16,Piper,White-tailed,8/2/2016,16215,Natural Pens,August Trial,North Sherman,32.14666667,6.36,63.2,11.76,6.453333333,0.068462129,0,0.001310206,0.518641995,0.387743357,0.000778845,0.04020922,36,2.7274915,Illumina MiSeq,"Illumina EMP protocol 515fbc, 806r amplification of 16S rRNA V4",GT,978215,FWD:GTGYCAGCMGCCGCGGTAA; REV:GGACTACNVGGGTWTCTAAT,Illumina,MB,GTGTGYCAGCMGCCGCGGTAA,20121,5,Echo550,Hayden BSU Herbivore Reruns,10343,UCSDMI,2/12/2021,Hayden_BSU_Herbivore_Reruns_Plate_1-5_w_DHMC_Mills_Plate_2_S1_L001,210212_M05314_0275_000000000_JGYD5,Hayden_BSU_Herbivore_Reruns_Plate_5,Sequencing by synthesis,16S rRNA,V4,NA,NA,NA,RNBJ0628,Hayden_BSU_Herbivore_Reruns_Plate_5_PP8.2.16_F1,F1,August Trial,Piper,GACATCTGACAC
12798.PP8.5.16,177,177,0,177,4.709648709,4.514298498,0.979564524,48.93451073,30.81407511,PP8.5.16,Piper,White-tailed,8/5/2016,16218,Post Transition,Post Transition,PostTransition (WUF),35.59,5.97,64.26,11.38860419,12.95686572,0,0.45,0,0.55,0,0,0,13,1.916631,Illumina MiSeq,"Illumina EMP protocol 515fbc, 806r amplification of 16S rRNA V4",GT,978215,FWD:GTGYCAGCMGCCGCGGTAA; REV:GGACTACNVGGGTWTCTAAT,Illumina,MB,GTGTGYCAGCMGCCGCGGTAA,20121,5,Echo550,Hayden BSU Herbivore Reruns,10343,UCSDMI,2/12/2021,Hayden_BSU_Herbivore_Reruns_Plate_1-5_w_DHMC_Mills_Plate_2_S1_L001,210212_M05314_0275_000000000_JGYD5,Hayden_BSU_Herbivore_Reruns_Plate_5,Sequencing by synthesis,16S rRNA,V4,NA,NA,NA,RNBJ0628,Hayden_BSU_Herbivore_Reruns_Plate_5_PP8.5.16_G1,G1,Post Transition,Piper,AATTTCCTAACA
12798.PP8.6.16,147,147,0,147,5.552470799,3.874819888,0.95174658,20.72391958,24.64551565,PP8.6.16,Piper,White-tailed,8/6/2016,16219,Post Transition,Post Transition,PostTransition (WUF),35.59,5.97,64.26,11.38860419,12.95686572,0,0.45,0,0.55,0,0,0,13,1.916631,Illumina MiSeq,"Illumina EMP protocol 515fbc, 806r amplification of 16S rRNA V4",GT,978215,FWD:GTGYCAGCMGCCGCGGTAA; REV:GGACTACNVGGGTWTCTAAT,Illumina,MB,GTGTGYCAGCMGCCGCGGTAA,20121,5,Echo550,Hayden BSU Herbivore Reruns,10343,UCSDMI,2/12/2021,Hayden_BSU_Herbivore_Reruns_Plate_1-5_w_DHMC_Mills_Plate_2_S1_L001,210212_M05314_0275_000000000_JGYD5,Hayden_BSU_Herbivore_Reruns_Plate_5,Sequencing by synthesis,16S rRNA,V4,NA,NA,NA,RNBJ0628,Hayden_BSU_Herbivore_Reruns_Plate_5_PP8.6.16_H1,H1,Post Transition,Piper,ATAAACGGACAT
12798.SH5.20.16,336,336,0,336,6.123481347,4.868329672,0.979703034,49.26844765,56.3201346,SH5.20.16,Shasta,Mule Deer,5/20/2016,16141,Start Pen,Start Pen,Start Pen (WUF),35.59,5.97,64.26,11.38860419,12.95686572,0,0.95,0,0,0,0,0,3,1.1,Illumina MiSeq,"Illumina EMP protocol 515fbc, 806r amplification of 16S rRNA V4",GT,978215,FWD:GTGYCAGCMGCCGCGGTAA; REV:GGACTACNVGGGTWTCTAAT,Illumina,MB,GTGTGYCAGCMGCCGCGGTAA,20121,5,Echo550,Hayden BSU Herbivore Reruns,10343,UCSDMI,2/12/2021,Hayden_BSU_Herbivore_Reruns_Plate_1-5_w_DHMC_Mills_Plate_2_S1_L001,210212_M05314_0275_000000000_JGYD5,Hayden_BSU_Herbivore_Reruns_Plate_5,Sequencing by synthesis,16S rRNA,V4,NA,NA,NA,RNBJ0628,Hayden_BSU_Herbivore_Reruns_Plate_5_SH5.20.16_A2,A2,Start Pen,Shasta,GCTAGTTATGGA
12798.SH6.2.16,311,311,0,311,6.424931343,4.968104011,0.984917573,66.30232826,55.15274022,SH6.2.16,Shasta,Mule Deer,6/2/2016,16154,Pre Transition,Pre Transition,PreTransition (Malo),33.72,7.26869805,61.805,11.195,4.64,0.061993369,0.093638186,0.001233283,0.134585226,0.769629761,0.000913543,0,26,2.004123481,Illumina MiSeq,"Illumina EMP protocol 515fbc, 806r amplification of 16S rRNA V4",GT,978215,FWD:GTGYCAGCMGCCGCGGTAA; REV:GGACTACNVGGGTWTCTAAT,Illumina,MB,GTGTGYCAGCMGCCGCGGTAA,20121,5,Echo550,Hayden BSU Herbivore Reruns,10343,UCSDMI,2/12/2021,Hayden_BSU_Herbivore_Reruns_Plate_1-5_w_DHMC_Mills_Plate_2_S1_L001,210212_M05314_0275_000000000_JGYD5,Hayden_BSU_Herbivore_Reruns_Plate_5,Sequencing by synthesis,16S rRNA,V4,NA,NA,NA,RNBJ0628,Hayden_BSU_Herbivore_Reruns_Plate_5_SH6.2.16_B2,B2,Pre Transition,Shasta,ACTAGTTGGACC
12798.SH6.25.16,192,192,0,192,5.465326309,4.233273119,0.966141401,29.53459453,31.96531235,SH6.25.16,Shasta,Mule Deer,6/25/2016,16177,Natural Pens,June Trial,Deadman,26.635,6.36,64.275,12.24,4.865,0.100085647,0,0.000268375,0.895633093,0.074266677,0.005308677,0.016115829,28,2.01533,Illumina MiSeq,"Illumina EMP protocol 515fbc, 806r amplification of 16S rRNA V4",GT,978215,FWD:GTGYCAGCMGCCGCGGTAA; REV:GGACTACNVGGGTWTCTAAT,Illumina,MB,GTGTGYCAGCMGCCGCGGTAA,20121,5,Echo550,Hayden BSU Herbivore Reruns,10343,UCSDMI,2/12/2021,Hayden_BSU_Herbivore_Reruns_Plate_1-5_w_DHMC_Mills_Plate_2_S1_L001,210212_M05314_0275_000000000_JGYD5,Hayden_BSU_Herbivore_Reruns_Plate_5,Sequencing by synthesis,16S rRNA,V4,NA,NA,NA,RNBJ0628,Hayden_BSU_Herbivore_Reruns_Plate_5_SH6.25.16_C2,C2,June Trial,Shasta,CGCAAGCCCGCG
12798.SH7.19.16,232,232,0,232,4.804810808,4.672863772,0.978299465,46.08181349,39.88827257,SH7.19.16,Shasta,Mule Deer,7/16/2016,16198,Natural Pens,July Trial,Swansong,34.2,7.32,63.78,11.57333333,6.48,0.06685354,0,0.003446432,0.359734123,0.574442299,0,0.014798184,22,1.9006445,Illumina MiSeq,"Illumina EMP protocol 515fbc, 806r amplification of 16S rRNA V4",GT,978215,FWD:GTGYCAGCMGCCGCGGTAA; REV:GGACTACNVGGGTWTCTAAT,Illumina,MB,GTGTGYCAGCMGCCGCGGTAA,20121,5,Echo550,Hayden BSU Herbivore Reruns,10343,UCSDMI,2/12/2021,Hayden_BSU_Herbivore_Reruns_Plate_1-5_w_DHMC_Mills_Plate_2_S1_L001,210212_M05314_0275_000000000_JGYD5,Hayden_BSU_Herbivore_Reruns_Plate_5,Sequencing by synthesis,16S rRNA,V4,NA,NA,NA,RNBJ0628,Hayden_BSU_Herbivore_Reruns_Plate_5_SH7.19.16_D2,D2,July Trial,Shasta,AGAGCGGAACAA
12798.SH7.5.16,123,123,0,123,4.173084488,3.78200218,0.940695221,16.86204736,21.54475116,SH7.5.16,Shasta,Mule Deer,7/5/2016,16187,Natural Pens,July Trial,Hall,36.41,6.55,56.78,10.33,1.75,0.015429566,0,0,0.037391431,0.227936373,0,0.623501329,12,1.388391,Illumina MiSeq,"Illumina EMP protocol 515fbc, 806r amplification of 16S rRNA V4",GT,978215,FWD:GTGYCAGCMGCCGCGGTAA; REV:GGACTACNVGGGTWTCTAAT,Illumina,MB,GTGTGYCAGCMGCCGCGGTAA,20121,5,Echo550,Hayden BSU Herbivore Reruns,10343,UCSDMI,2/12/2021,Hayden_BSU_Herbivore_Reruns_Plate_1-5_w_DHMC_Mills_Plate_2_S1_L001,210212_M05314_0275_000000000_JGYD5,Hayden_BSU_Herbivore_Reruns_Plate_5,Sequencing by synthesis,16S rRNA,V4,NA,NA,NA,RNBJ0628,Hayden_BSU_Herbivore_Reruns_Plate_5_SH7.5.16_E2,E2,July Trial,Shasta,ACATGGGCGGAA
12798.SH8.12.16,264,264,0,264,5.509977176,4.547758214,0.966047247,29.45269296,42.80375559,SH8.12.16,Shasta,Mule Deer,8/12/2016,16225,End Pen,End Pen,End Pen (WUF),35.59,5.97,64.26,11.38860419,12.95686572,0,0.95,0,0,0,0,0,3,1.1,Illumina MiSeq,"Illumina EMP protocol 515fbc, 806r amplification of 16S rRNA V4",GT,978215,FWD:GTGYCAGCMGCCGCGGTAA; REV:GGACTACNVGGGTWTCTAAT,Illumina,MB,GTGTGYCAGCMGCCGCGGTAA,20121,5,Echo550,Hayden BSU Herbivore Reruns,10343,UCSDMI,2/12/2021,Hayden_BSU_Herbivore_Reruns_Plate_1-5_w_DHMC_Mills_Plate_2_S1_L001,210212_M05314_0275_000000000_JGYD5,Hayden_BSU_Herbivore_Reruns_Plate_5,Sequencing by synthesis,16S rRNA,V4,NA,NA,NA,RNBJ0628,Hayden_BSU_Herbivore_Reruns_Plate_5_SH8.12.16_F2,F2,End Pen,Shasta,CTGCGGATATAC
12798.SH8.17.16,262,262,0,262,6.158219233,4.677273107,0.979786703,49.47238358,44.21407419,SH8.17.16,Shasta,Mule Deer,8/17/2016,16230,End Pen,End Pen,End Pen (WUF),35.59,5.97,64.26,11.38860419,12.95686572,0,0.95,0,0,0,0,0,3,1.1,Illumina MiSeq,"Illumina EMP protocol 515fbc, 806r amplification of 16S rRNA V4",GT,978215,FWD:GTGYCAGCMGCCGCGGTAA; REV:GGACTACNVGGGTWTCTAAT,Illumina,MB,GTGTGYCAGCMGCCGCGGTAA,20121,5,Echo550,Hayden BSU Herbivore Reruns,10343,UCSDMI,2/12/2021,Hayden_BSU_Herbivore_Reruns_Plate_1-5_w_DHMC_Mills_Plate_2_S1_L001,210212_M05314_0275_000000000_JGYD5,Hayden_BSU_Herbivore_Reruns_Plate_5,Sequencing by synthesis,16S rRNA,V4,NA,NA,NA,RNBJ0628,Hayden_BSU_Herbivore_Reruns_Plate_5_SH8.17.16_G2,G2,End Pen,Shasta,GTGAGGGCAAGT
12798.SH8.5.16,134,134,0.249065417,134.181575,4.480013739,4.01936891,0.95714887,23.33660737,24.18072776,SH8.5.16,Shasta,Mule Deer,8/5/2016,16218,Post Transition,Post Transition,PostTransition (WUF),35.59,5.97,64.26,11.38860419,12.95686572,0,0.45,0,0.55,0,0,0,12,1.871913,Illumina MiSeq,"Illumina EMP protocol 515fbc, 806r amplification of 16S rRNA V4",GT,978215,FWD:GTGYCAGCMGCCGCGGTAA; REV:GGACTACNVGGGTWTCTAAT,Illumina,MB,GTGTGYCAGCMGCCGCGGTAA,20121,5,Echo550,Hayden BSU Herbivore Reruns,10343,UCSDMI,2/12/2021,Hayden_BSU_Herbivore_Reruns_Plate_1-5_w_DHMC_Mills_Plate_2_S1_L001,210212_M05314_0275_000000000_JGYD5,Hayden_BSU_Herbivore_Reruns_Plate_5,Sequencing by synthesis,16S rRNA,V4,NA,NA,NA,RNBJ0628,Hayden_BSU_Herbivore_Reruns_Plate_5_SH8.5.16_H2,H2,Post Transition,Shasta,ATATTGGCAGCC
12798.SH8.6.16,281,281,0,281,6.308780527,4.725736452,0.977809788,45.0649149,47.53668542,SH8.6.16,Shasta,Mule Deer,8/6/2016,16219,Post Transition,Post Transition,PostTransition (WUF),35.59,5.97,64.26,11.38860419,12.95686572,0,0.45,0,0.55,0,0,0,12,1.871913,Illumina MiSeq,"Illumina EMP protocol 515fbc, 806r amplification of 16S rRNA V4",GT,978215,FWD:GTGYCAGCMGCCGCGGTAA; REV:GGACTACNVGGGTWTCTAAT,Illumina,MB,GTGTGYCAGCMGCCGCGGTAA,20121,5,Echo550,Hayden BSU Herbivore Reruns,10343,UCSDMI,2/12/2021,Hayden_BSU_Herbivore_Reruns_Plate_1-5_w_DHMC_Mills_Plate_2_S1_L001,210212_M05314_0275_000000000_JGYD5,Hayden_BSU_Herbivore_Reruns_Plate_5,Sequencing by synthesis,16S rRNA,V4,NA,NA,NA,RNBJ0628,Hayden_BSU_Herbivore_Reruns_Plate_5_SH8.6.16_A3,A3,Post Transition,Shasta,TCATCCGTCGGC
12798.TR5.20.16,256,256,0,256,5.925316447,4.902239053,0.986697422,75.17339833,46.19066513,TR5.20.16,Trixie,White-tailed,5/20/2016,16141,Start Pen,Start Pen,Start Pen (WUF),35.59,5.97,64.26,11.38860419,12.95686572,0,0.95,0,0,0,0,0,3,1.1,Illumina MiSeq,"Illumina EMP protocol 515fbc, 806r amplification of 16S rRNA V4",GT,978215,FWD:GTGYCAGCMGCCGCGGTAA; REV:GGACTACNVGGGTWTCTAAT,Illumina,MB,GTGTGYCAGCMGCCGCGGTAA,20121,5,Echo550,Hayden BSU Herbivore Reruns,10343,UCSDMI,2/12/2021,Hayden_BSU_Herbivore_Reruns_Plate_1-5_w_DHMC_Mills_Plate_2_S1_L001,210212_M05314_0275_000000000_JGYD5,Hayden_BSU_Herbivore_Reruns_Plate_5,Sequencing by synthesis,16S rRNA,V4,NA,NA,NA,RNBJ0628,Hayden_BSU_Herbivore_Reruns_Plate_5_TR5.20.16_D3,D3,Start Pen,Trixie,TCCGCTGCTGAC
12798.TR6.17.16,157,157,0,157,5.161098979,4.372935304,0.978737571,47.03131491,28.41615103,TR6.17.16,Trixie,White-tailed,6/17/2016,16169,Natural Pens,June Trial,Sand Creek,34.22,7.38,62.17,11.56,5.38,0.099928059,0,0.002105115,0.69882296,0.264680427,0.009679594,0.02169582,27,1.964102,Illumina MiSeq,"Illumina EMP protocol 515fbc, 806r amplification of 16S rRNA V4",GT,978215,FWD:GTGYCAGCMGCCGCGGTAA; REV:GGACTACNVGGGTWTCTAAT,Illumina,MB,GTGTGYCAGCMGCCGCGGTAA,20121,5,Echo550,Hayden BSU Herbivore Reruns,10343,UCSDMI,2/12/2021,Hayden_BSU_Herbivore_Reruns_Plate_1-5_w_DHMC_Mills_Plate_2_S1_L001,210212_M05314_0275_000000000_JGYD5,Hayden_BSU_Herbivore_Reruns_Plate_5,Sequencing by synthesis,16S rRNA,V4,NA,NA,NA,RNBJ0628,Hayden_BSU_Herbivore_Reruns_Plate_5_TR6.17.16_E3,E3,June Trial,Trixie,TGCGCGCCTTCC
12798.TR6.2.16,117,117,0,117,4.557327152,4.16219479,0.974207248,38.77058192,21.50217794,TR6.2.16,Trixie,White-tailed,6/2/2016,16154,Pre Transition,Pre Transition,PreTransition (Malo),33.01,6.3231078,61.105,11.14,4.99,0.055573953,0.014532979,0.00554253,0.080879564,0.891373306,0.00767162,0,39,2.324639475,Illumina MiSeq,"Illumina EMP protocol 515fbc, 806r amplification of 16S rRNA V4",GT,978215,FWD:GTGYCAGCMGCCGCGGTAA; REV:GGACTACNVGGGTWTCTAAT,Illumina,MB,GTGTGYCAGCMGCCGCGGTAA,20121,5,Echo550,Hayden BSU Herbivore Reruns,10343,UCSDMI,2/12/2021,Hayden_BSU_Herbivore_Reruns_Plate_1-5_w_DHMC_Mills_Plate_2_S1_L001,210212_M05314_0275_000000000_JGYD5,Hayden_BSU_Herbivore_Reruns_Plate_5,Sequencing by synthesis,16S rRNA,V4,NA,NA,NA,RNBJ0628,Hayden_BSU_Herbivore_Reruns_Plate_5_TR6.2.16_F3,F3,Pre Transition,Trixie,GCGCACACCTTC
12798.TR6.23.16,168,168,0,168,4.372533318,4.374599129,0.97457248,39.32746925,28.44996197,TR6.23.16,Trixie,White-tailed,6/23/2016,16175,Natural Pens,June Trial,Deadman,32.22,5.92,64.615,12,6.34,0.076742273,0,0.000819777,0.478688818,0.42939862,0.009303045,0.049551679,42,2.828262,Illumina MiSeq,"Illumina EMP protocol 515fbc, 806r amplification of 16S rRNA V4",GT,978215,FWD:GTGYCAGCMGCCGCGGTAA; REV:GGACTACNVGGGTWTCTAAT,Illumina,MB,GTGTGYCAGCMGCCGCGGTAA,20121,5,Echo550,Hayden BSU Herbivore Reruns,10343,UCSDMI,2/12/2021,Hayden_BSU_Herbivore_Reruns_Plate_1-5_w_DHMC_Mills_Plate_2_S1_L001,210212_M05314_0275_000000000_JGYD5,Hayden_BSU_Herbivore_Reruns_Plate_5,Sequencing by synthesis,16S rRNA,V4,NA,NA,NA,RNBJ0628,Hayden_BSU_Herbivore_Reruns_Plate_5_TR6.23.16_G3,G3,June Trial,Trixie,CACGAAAGCAGG
12798.TR7.5.16,79,79,0,79,3.926540655,3.524169534,0.934746553,15.324861,14.78623604,TR7.5.16,Trixie,White-tailed,7/5/2016,16187,Natural Pens,July Trial,Hall,32.25,6.34,64.12,11.59,4.91,0.017331286,0,0.006940528,0.206246476,0.493575673,0.008953282,0.106780029,20,2.44242,Illumina MiSeq,"Illumina EMP protocol 515fbc, 806r amplification of 16S rRNA V4",GT,978215,FWD:GTGYCAGCMGCCGCGGTAA; REV:GGACTACNVGGGTWTCTAAT,Illumina,MB,GTGTGYCAGCMGCCGCGGTAA,20121,5,Echo550,Hayden BSU Herbivore Reruns,10343,UCSDMI,2/12/2021,Hayden_BSU_Herbivore_Reruns_Plate_1-5_w_DHMC_Mills_Plate_2_S1_L001,210212_M05314_0275_000000000_JGYD5,Hayden_BSU_Herbivore_Reruns_Plate_5,Sequencing by synthesis,16S rRNA,V4,NA,NA,NA,RNBJ0628,Hayden_BSU_Herbivore_Reruns_Plate_5_TR7.5.16_H3,H3,July Trial,Trixie,CGTGGCTTTCCG
12798.TR8.12.16,357,357,0,357,7.111753006,5.002505279,0.984949007,66.44079978,58.67506359,TR8.12.16,Trixie,White-tailed,8/12/2016,16225,End Pen,End Pen,End Pen (WUF),35.59,5.97,64.26,11.38860419,12.95686572,0,0.95,0,0,0,0,0,3,1.1,Illumina MiSeq,"Illumina EMP protocol 515fbc, 806r amplification of 16S rRNA V4",GT,978215,FWD:GTGYCAGCMGCCGCGGTAA; REV:GGACTACNVGGGTWTCTAAT,Illumina,MB,GTGTGYCAGCMGCCGCGGTAA,20121,5,Echo550,Hayden BSU Herbivore Reruns,10343,UCSDMI,2/12/2021,Hayden_BSU_Herbivore_Reruns_Plate_1-5_w_DHMC_Mills_Plate_2_S1_L001,210212_M05314_0275_000000000_JGYD5,Hayden_BSU_Herbivore_Reruns_Plate_5,Sequencing by synthesis,16S rRNA,V4,NA,NA,NA,RNBJ0628,Hayden_BSU_Herbivore_Reruns_Plate_5_TR8.12.16_A4,A4,End Pen,Trixie,ATTTGGCTCTTA
12798.TR8.17.16,246,246.5,1.298159487,246.2938144,6.580680492,4.974959498,0.988514148,87.06363182,47.8720597,TR8.17.16,Trixie,White-tailed,8/17/2016,16230,End Pen,End Pen,End Pen (WUF),35.59,5.97,64.26,11.38860419,12.95686572,0,0.95,0,0,0,0,0,3,1.1,Illumina MiSeq,"Illumina EMP protocol 515fbc, 806r amplification of 16S rRNA V4",GT,978215,FWD:GTGYCAGCMGCCGCGGTAA; REV:GGACTACNVGGGTWTCTAAT,Illumina,MB,GTGTGYCAGCMGCCGCGGTAA,20121,5,Echo550,Hayden BSU Herbivore Reruns,10343,UCSDMI,2/12/2021,Hayden_BSU_Herbivore_Reruns_Plate_1-5_w_DHMC_Mills_Plate_2_S1_L001,210212_M05314_0275_000000000_JGYD5,Hayden_BSU_Herbivore_Reruns_Plate_5,Sequencing by synthesis,16S rRNA,V4,NA,NA,NA,RNBJ0628,Hayden_BSU_Herbivore_Reruns_Plate_5_TR8.17.16_B4,B4,End Pen,Trixie,CGCGTCAAACTA
12798.TR8.2.16,137,137,0,137,4.297342584,4.171806999,0.967697157,30.95702796,25.1029049,TR8.2.16,Trixie,White-tailed,8/2/2016,16215,Natural Pens,August Trial,Swansong,32.28,7.38,64.66,11.54,5.14,0.099928059,0,0.000302142,0.253922955,0.701252963,0.016140825,0.017093738,32,2.213558,Illumina MiSeq,"Illumina EMP protocol 515fbc, 806r amplification of 16S rRNA V4",GT,978215,FWD:GTGYCAGCMGCCGCGGTAA; REV:GGACTACNVGGGTWTCTAAT,Illumina,MB,GTGTGYCAGCMGCCGCGGTAA,20121,5,Echo550,Hayden BSU Herbivore Reruns,10343,UCSDMI,2/12/2021,Hayden_BSU_Herbivore_Reruns_Plate_1-5_w_DHMC_Mills_Plate_2_S1_L001,210212_M05314_0275_000000000_JGYD5,Hayden_BSU_Herbivore_Reruns_Plate_5,Sequencing by synthesis,16S rRNA,V4,NA,NA,NA,RNBJ0628,Hayden_BSU_Herbivore_Reruns_Plate_5_TR8.2.16_C4,C4,August Trial,Trixie,ATGTTCCTCATC
12798.TR8.5.16,237,237,0,237,5.985918779,4.741503574,0.983282276,59.81675434,40.3668973,TR8.5.16,Trixie,White-tailed,8/5/2016,16218,Post Transition,Post Transition,PostTransition (WUF),35.59,5.97,64.26,11.38860419,12.95686572,0,0.45,0,0.55,0,0,0,16,1.580672,Illumina MiSeq,"Illumina EMP protocol 515fbc, 806r amplification of 16S rRNA V4",GT,978215,FWD:GTGYCAGCMGCCGCGGTAA; REV:GGACTACNVGGGTWTCTAAT,Illumina,MB,GTGTGYCAGCMGCCGCGGTAA,20121,5,Echo550,Hayden BSU Herbivore Reruns,10343,UCSDMI,2/12/2021,Hayden_BSU_Herbivore_Reruns_Plate_1-5_w_DHMC_Mills_Plate_2_S1_L001,210212_M05314_0275_000000000_JGYD5,Hayden_BSU_Herbivore_Reruns_Plate_5,Sequencing by synthesis,16S rRNA,V4,NA,NA,NA,RNBJ0628,Hayden_BSU_Herbivore_Reruns_Plate_5_TR8.5.16_D4,D4,Post Transition,Trixie,TCCGTGGTATAG
12798.TR8.6.16,301,301,0,301,6.011616661,4.935126231,0.985683568,69.84980826,50.46556301,TR8.6.16,Trixie,White-tailed,8/6/2016,16219,Post Transition,Post Transition,PostTransition (WUF),35.59,5.97,64.26,11.38860419,12.95686572,0,0.45,0,0.55,0,0,0,16,1.580672,Illumina MiSeq,"Illumina EMP protocol 515fbc, 806r amplification of 16S rRNA V4",GT,978215,FWD:GTGYCAGCMGCCGCGGTAA; REV:GGACTACNVGGGTWTCTAAT,Illumina,MB,GTGTGYCAGCMGCCGCGGTAA,20121,5,Echo550,Hayden BSU Herbivore Reruns,10343,UCSDMI,2/12/2021,Hayden_BSU_Herbivore_Reruns_Plate_1-5_w_DHMC_Mills_Plate_2_S1_L001,210212_M05314_0275_000000000_JGYD5,Hayden_BSU_Herbivore_Reruns_Plate_5,Sequencing by synthesis,16S rRNA,V4,NA,NA,NA,RNBJ0628,Hayden_BSU_Herbivore_Reruns_Plate_5_TR8.6.16_E4,E4,Post Transition,Trixie,GTTGGTTGGCAT
