,sample_name,Observed,Chao1,se.chao1,ACE,se.ACE,Shannon,Simpson,InvSimpson,Fisher,orig_name,Deer_Name,DeerSpecies,Date,location,Diet_Type,Pen_Name,center_project_name,BarcodeSequence,,,,,,,,center_name,experiment_design_description,extraction_robot,extractionkit_lot,instrument_model,library_construction_protocol,linker,mastermix_lot,pcr_primers,platform,plating,primer,primer_date,primer_plate,processing_robot,project_name,qiita_prep_id,run_center,run_date,run_prefix,runid,sample_plate,sequencing_meth,target_gene,target_subfragment,tm1000_8_tool,tm300_8_tool,tm50_8_tool,water_lot,well_description,well_id,Trial_Date,Deer
1,12798.BL5.20.16,240,240,0,240,5.941029653,4.390487905,0.960050205,25.03141758,41.54823349,BL5.20.16,Belle,Mule Deer,5/20/2016,Start Pen,Start Pen,Start Pen (WUF),mule deer,GAATCTGACAAC,,,,,,,,UCSDMI,captivity can alter herbivore gut microbial communities,Carmen_HOWE_KF_4,163051748,Illumina MiSeq,"Illumina EMP protocol 515fbc, 806r amplification of 16S rRNA V4",GT,978215,FWD:GTGYCAGCMGCCGCGGTAA; REV:GGACTACNVGGGTWTCTAAT,Illumina,MB,GTGTGYCAGCMGCCGCGGTAA,62320,4,Echo550,Hayden BSU Herbivore Reruns,10343,UCSDMI,2/12/2021,Hayden_BSU_Herbivore_Reruns_Plate_1-5_w_DHMC_Mills_Plate_2_S1_L001,210212_M05314_0275_000000000_JGYD5,Hayden_BSU_Herbivore_Reruns_Plate_4,Sequencing by synthesis,16S rRNA,V4,NA,NA,NA,RNBJ0628,Hayden_BSU_Herbivore_Reruns_Plate_4_BL5.20.16_C5,C5,Start Pen,Belle
2,12798.BL6.17.16,256,256,0,256,6.194440552,4.597118018,0.972227185,36.00643299,43.34447753,BL6.17.16,Belle,Mule Deer,6/17/2016,Trial Pens,June Trial,Sand Creek,mule deer,CTCATCATGTTC,,,,,,,,UCSDMI,captivity can alter herbivore gut microbial communities,Carmen_HOWE_KF_4,163051748,Illumina MiSeq,"Illumina EMP protocol 515fbc, 806r amplification of 16S rRNA V4",GT,978215,FWD:GTGYCAGCMGCCGCGGTAA; REV:GGACTACNVGGGTWTCTAAT,Illumina,MB,GTGTGYCAGCMGCCGCGGTAA,62320,4,Echo550,Hayden BSU Herbivore Reruns,10343,UCSDMI,2/12/2021,Hayden_BSU_Herbivore_Reruns_Plate_1-5_w_DHMC_Mills_Plate_2_S1_L001,210212_M05314_0275_000000000_JGYD5,Hayden_BSU_Herbivore_Reruns_Plate_4,Sequencing by synthesis,16S rRNA,V4,NA,NA,NA,RNBJ0628,Hayden_BSU_Herbivore_Reruns_Plate_4_BL6.17.16_D5,D5,June Trial,Belle
3,12798.BL6.23.16,337,337,0,337,6.683164552,5.015421079,0.986656781,74.94443623,56.35882813,BL6.23.16,Belle,Mule Deer,6/23/2016,Trial Pens,June Trial,Deadman,mule deer,TTATCCAGTCCT,,,,,,,,UCSDMI,captivity can alter herbivore gut microbial communities,Carmen_HOWE_KF_4,163051748,Illumina MiSeq,"Illumina EMP protocol 515fbc, 806r amplification of 16S rRNA V4",GT,978215,FWD:GTGYCAGCMGCCGCGGTAA; REV:GGACTACNVGGGTWTCTAAT,Illumina,MB,GTGTGYCAGCMGCCGCGGTAA,62320,4,Echo550,Hayden BSU Herbivore Reruns,10343,UCSDMI,2/12/2021,Hayden_BSU_Herbivore_Reruns_Plate_1-5_w_DHMC_Mills_Plate_2_S1_L001,210212_M05314_0275_000000000_JGYD5,Hayden_BSU_Herbivore_Reruns_Plate_4,Sequencing by synthesis,16S rRNA,V4,NA,NA,NA,RNBJ0628,Hayden_BSU_Herbivore_Reruns_Plate_4_BL6.23.16_E5,E5,June Trial,Belle
4,12798.BL6.3.16,392,392,0,392,7.540198395,5.127813847,0.984164483,63.14918713,68.65167366,BL6.3.16,Belle,Mule Deer,6/3/2016,Pre Transition,Pre Transition,PreTransition (Malo),mule deer,GAGTCTTGGTAA,,,,,,,,UCSDMI,captivity can alter herbivore gut microbial communities,Carmen_HOWE_KF_4,163051748,Illumina MiSeq,"Illumina EMP protocol 515fbc, 806r amplification of 16S rRNA V4",GT,978215,FWD:GTGYCAGCMGCCGCGGTAA; REV:GGACTACNVGGGTWTCTAAT,Illumina,MB,GTGTGYCAGCMGCCGCGGTAA,62320,4,Echo550,Hayden BSU Herbivore Reruns,10343,UCSDMI,2/12/2021,Hayden_BSU_Herbivore_Reruns_Plate_1-5_w_DHMC_Mills_Plate_2_S1_L001,210212_M05314_0275_000000000_JGYD5,Hayden_BSU_Herbivore_Reruns_Plate_4,Sequencing by synthesis,16S rRNA,V4,NA,NA,NA,RNBJ0628,Hayden_BSU_Herbivore_Reruns_Plate_4_BL6.3.16_F5,F5,Pre Transition,Belle
5,12798.BL7.19.16,187,187,0,187,4.65378921,4.521279968,0.97977789,49.45082393,32.54961417,BL7.19.16,Belle,Mule Deer,7/19/2016,Trial Pens,July Trial,Swansong,mule deer,CATTTACATCAC,,,,,,,,UCSDMI,captivity can alter herbivore gut microbial communities,Carmen_HOWE_KF_4,163051748,Illumina MiSeq,"Illumina EMP protocol 515fbc, 806r amplification of 16S rRNA V4",GT,978215,FWD:GTGYCAGCMGCCGCGGTAA; REV:GGACTACNVGGGTWTCTAAT,Illumina,MB,GTGTGYCAGCMGCCGCGGTAA,62320,4,Echo550,Hayden BSU Herbivore Reruns,10343,UCSDMI,2/12/2021,Hayden_BSU_Herbivore_Reruns_Plate_1-5_w_DHMC_Mills_Plate_2_S1_L001,210212_M05314_0275_000000000_JGYD5,Hayden_BSU_Herbivore_Reruns_Plate_4,Sequencing by synthesis,16S rRNA,V4,NA,NA,NA,RNBJ0628,Hayden_BSU_Herbivore_Reruns_Plate_4_BL7.19.16_G5,G5,July Trial,Belle
6,12798.BL7.5.16,179,179,0,179,4.929673009,4.501034705,0.981521829,54.11790883,30.92163694,BL7.5.16,Belle,Mule Deer,7/5/2016,Trial Pens,July Trial,Hall,mule deer,AGTAGTTTCCTT,,,,,,,,UCSDMI,captivity can alter herbivore gut microbial communities,Carmen_HOWE_KF_4,163051748,Illumina MiSeq,"Illumina EMP protocol 515fbc, 806r amplification of 16S rRNA V4",GT,978215,FWD:GTGYCAGCMGCCGCGGTAA; REV:GGACTACNVGGGTWTCTAAT,Illumina,MB,GTGTGYCAGCMGCCGCGGTAA,62320,4,Echo550,Hayden BSU Herbivore Reruns,10343,UCSDMI,2/12/2021,Hayden_BSU_Herbivore_Reruns_Plate_1-5_w_DHMC_Mills_Plate_2_S1_L001,210212_M05314_0275_000000000_JGYD5,Hayden_BSU_Herbivore_Reruns_Plate_4,Sequencing by synthesis,16S rRNA,V4,NA,NA,NA,RNBJ0628,Hayden_BSU_Herbivore_Reruns_Plate_4_BL7.5.16_A6,A6,July Trial,Belle
7,12798.BL8.12.16,198,198,0,198,5.306751941,4.278881222,0.958753938,24.24473861,32.69673161,BL8.12.16,Belle,Mule Deer,8/12/2016,End Pen,End Pen,End Pen (WUF),mule deer,GACCCGTTTCGC,,,,,,,,UCSDMI,captivity can alter herbivore gut microbial communities,Carmen_HOWE_KF_4,163051748,Illumina MiSeq,"Illumina EMP protocol 515fbc, 806r amplification of 16S rRNA V4",GT,978215,FWD:GTGYCAGCMGCCGCGGTAA; REV:GGACTACNVGGGTWTCTAAT,Illumina,MB,GTGTGYCAGCMGCCGCGGTAA,62320,4,Echo550,Hayden BSU Herbivore Reruns,10343,UCSDMI,2/12/2021,Hayden_BSU_Herbivore_Reruns_Plate_1-5_w_DHMC_Mills_Plate_2_S1_L001,210212_M05314_0275_000000000_JGYD5,Hayden_BSU_Herbivore_Reruns_Plate_4,Sequencing by synthesis,16S rRNA,V4,NA,NA,NA,RNBJ0628,Hayden_BSU_Herbivore_Reruns_Plate_4_BL8.12.16_B6,B6,End Pen,Belle
8,12798.BL8.17.16,199,199,0.166247379,199.1476015,5.632246404,4.536104246,0.980227227,50.57459602,34.48705712,BL8.17.16,Belle,Mule Deer,8/17/2016,End Pen,End Pen,End Pen (WUF),mule deer,ATTGCCTTGATT,,,,,,,,UCSDMI,captivity can alter herbivore gut microbial communities,Carmen_HOWE_KF_4,163051748,Illumina MiSeq,"Illumina EMP protocol 515fbc, 806r amplification of 16S rRNA V4",GT,978215,FWD:GTGYCAGCMGCCGCGGTAA; REV:GGACTACNVGGGTWTCTAAT,Illumina,MB,GTGTGYCAGCMGCCGCGGTAA,62320,4,Echo550,Hayden BSU Herbivore Reruns,10343,UCSDMI,2/12/2021,Hayden_BSU_Herbivore_Reruns_Plate_1-5_w_DHMC_Mills_Plate_2_S1_L001,210212_M05314_0275_000000000_JGYD5,Hayden_BSU_Herbivore_Reruns_Plate_4,Sequencing by synthesis,16S rRNA,V4,NA,NA,NA,RNBJ0628,Hayden_BSU_Herbivore_Reruns_Plate_4_BL8.17.16_C6,C6,End Pen,Belle
9,12798.BL8.2.16,194,194,0,194,5.035953211,4.45501748,0.970986399,34.46659386,34.5550128,BL8.2.16,Belle,Mule Deer,8/2/2016,Trial Pens,August Trial,North Sherman,mule deer,TTAGGATTCTAT,,,,,,,,UCSDMI,captivity can alter herbivore gut microbial communities,Carmen_HOWE_KF_4,163051748,Illumina MiSeq,"Illumina EMP protocol 515fbc, 806r amplification of 16S rRNA V4",GT,978215,FWD:GTGYCAGCMGCCGCGGTAA; REV:GGACTACNVGGGTWTCTAAT,Illumina,MB,GTGTGYCAGCMGCCGCGGTAA,62320,4,Echo550,Hayden BSU Herbivore Reruns,10343,UCSDMI,2/12/2021,Hayden_BSU_Herbivore_Reruns_Plate_1-5_w_DHMC_Mills_Plate_2_S1_L001,210212_M05314_0275_000000000_JGYD5,Hayden_BSU_Herbivore_Reruns_Plate_4,Sequencing by synthesis,16S rRNA,V4,NA,NA,NA,RNBJ0628,Hayden_BSU_Herbivore_Reruns_Plate_4_BL8.2.16_D6,D6,August Trial,Belle
10,12798.BL8.5.16,325,325,0,325,6.902842224,4.844817291,0.976694452,42.90823788,55.80590369,BL8.5.16,Belle,Mule Deer,8/5/2016,Post Transition,Post Transition,PostTransition (WUF),mule deer,GTTTATCTTAAG,,,,,,,,UCSDMI,captivity can alter herbivore gut microbial communities,Carmen_HOWE_KF_4,163051748,Illumina MiSeq,"Illumina EMP protocol 515fbc, 806r amplification of 16S rRNA V4",GT,978215,FWD:GTGYCAGCMGCCGCGGTAA; REV:GGACTACNVGGGTWTCTAAT,Illumina,MB,GTGTGYCAGCMGCCGCGGTAA,62320,4,Echo550,Hayden BSU Herbivore Reruns,10343,UCSDMI,2/12/2021,Hayden_BSU_Herbivore_Reruns_Plate_1-5_w_DHMC_Mills_Plate_2_S1_L001,210212_M05314_0275_000000000_JGYD5,Hayden_BSU_Herbivore_Reruns_Plate_4,Sequencing by synthesis,16S rRNA,V4,NA,NA,NA,RNBJ0628,Hayden_BSU_Herbivore_Reruns_Plate_4_BL8.5.16_E6,E6,Post Transition,Belle
11,12798.BL8.6.16,232,232,0,232,5.695960456,4.492564029,0.973181726,37.2880079,39.33810483,BL8.6.16,Belle,Mule Deer,8/6/2016,Post Transition,Post Transition,PostTransition (WUF),mule deer,CAGTCTAGTACG,,,,,,,,UCSDMI,captivity can alter herbivore gut microbial communities,Carmen_HOWE_KF_4,163051748,Illumina MiSeq,"Illumina EMP protocol 515fbc, 806r amplification of 16S rRNA V4",GT,978215,FWD:GTGYCAGCMGCCGCGGTAA; REV:GGACTACNVGGGTWTCTAAT,Illumina,MB,GTGTGYCAGCMGCCGCGGTAA,62320,4,Echo550,Hayden BSU Herbivore Reruns,10343,UCSDMI,2/12/2021,Hayden_BSU_Herbivore_Reruns_Plate_1-5_w_DHMC_Mills_Plate_2_S1_L001,210212_M05314_0275_000000000_JGYD5,Hayden_BSU_Herbivore_Reruns_Plate_4,Sequencing by synthesis,16S rRNA,V4,NA,NA,NA,RNBJ0628,Hayden_BSU_Herbivore_Reruns_Plate_4_BL8.6.16_F6,F6,Post Transition,Belle
12,12798.CL5.2.16,319,319,0,319,6.158817621,5.012000999,0.984931442,66.36335282,54.90942523,CL5.2.16,Clementine,Mule Deer,5/20/2016,Start Pen,Start Pen,Start Pen (WUF),mule deer,GTGGGACTGCGC,,,,,,,,UCSDMI,captivity can alter herbivore gut microbial communities,Carmen_HOWE_KF_4,163051748,Illumina MiSeq,"Illumina EMP protocol 515fbc, 806r amplification of 16S rRNA V4",GT,978215,FWD:GTGYCAGCMGCCGCGGTAA; REV:GGACTACNVGGGTWTCTAAT,Illumina,MB,GTGTGYCAGCMGCCGCGGTAA,62320,4,Echo550,Hayden BSU Herbivore Reruns,10343,UCSDMI,2/12/2021,Hayden_BSU_Herbivore_Reruns_Plate_1-5_w_DHMC_Mills_Plate_2_S1_L001,210212_M05314_0275_000000000_JGYD5,Hayden_BSU_Herbivore_Reruns_Plate_4,Sequencing by synthesis,16S rRNA,V4,NA,NA,NA,RNBJ0628,Hayden_BSU_Herbivore_Reruns_Plate_4_CL5.2.16_G6,G6,Start Pen,Clementine
13,12798.CL6.14.16,241,241,0,241,5.124993675,4.784615951,0.984014605,62.55710445,40.87210774,CL6.14.16,Clementine,Mule Deer,6/14/2016,Trial Pens,June Trial,Sand Creek,mule deer,CTCCCGAGCTCC,,,,,,,,UCSDMI,captivity can alter herbivore gut microbial communities,Carmen_HOWE_KF_4,163051748,Illumina MiSeq,"Illumina EMP protocol 515fbc, 806r amplification of 16S rRNA V4",GT,978215,FWD:GTGYCAGCMGCCGCGGTAA; REV:GGACTACNVGGGTWTCTAAT,Illumina,MB,GTGTGYCAGCMGCCGCGGTAA,62320,4,Echo550,Hayden BSU Herbivore Reruns,10343,UCSDMI,2/12/2021,Hayden_BSU_Herbivore_Reruns_Plate_1-5_w_DHMC_Mills_Plate_2_S1_L001,210212_M05314_0275_000000000_JGYD5,Hayden_BSU_Herbivore_Reruns_Plate_4,Sequencing by synthesis,16S rRNA,V4,NA,NA,NA,RNBJ0628,Hayden_BSU_Herbivore_Reruns_Plate_4_CL6.14.16_H6,H6,June Trial,Clementine
14,12798.CL6.17.16,290,290,0,290,6.051787995,4.849651474,0.982078246,55.79811102,49.50579149,CL6.17.16,Clementine,Mule Deer,6/17/2016,Trial Pens,June Trial,Deadman,mule deer,CAGATCCCAACC,,,,,,,,UCSDMI,captivity can alter herbivore gut microbial communities,Carmen_HOWE_KF_4,163051748,Illumina MiSeq,"Illumina EMP protocol 515fbc, 806r amplification of 16S rRNA V4",GT,978215,FWD:GTGYCAGCMGCCGCGGTAA; REV:GGACTACNVGGGTWTCTAAT,Illumina,MB,GTGTGYCAGCMGCCGCGGTAA,62320,4,Echo550,Hayden BSU Herbivore Reruns,10343,UCSDMI,2/12/2021,Hayden_BSU_Herbivore_Reruns_Plate_1-5_w_DHMC_Mills_Plate_2_S1_L001,210212_M05314_0275_000000000_JGYD5,Hayden_BSU_Herbivore_Reruns_Plate_4,Sequencing by synthesis,16S rRNA,V4,NA,NA,NA,RNBJ0628,Hayden_BSU_Herbivore_Reruns_Plate_4_CL6.17.16_A7,A7,June Trial,Clementine
15,12798.CL6.2.16,330,330,0,330,7.717748141,4.885632338,0.98364861,61.15688031,57.08532768,CL6.2.16,Clementine,Mule Deer,6/2/2016,Pre Transition,Pre Transition,PreTransition (Malo),mule deer,TGACTGCGTTAG,,,,,,,,UCSDMI,captivity can alter herbivore gut microbial communities,Carmen_HOWE_KF_4,163051748,Illumina MiSeq,"Illumina EMP protocol 515fbc, 806r amplification of 16S rRNA V4",GT,978215,FWD:GTGYCAGCMGCCGCGGTAA; REV:GGACTACNVGGGTWTCTAAT,Illumina,MB,GTGTGYCAGCMGCCGCGGTAA,62320,4,Echo550,Hayden BSU Herbivore Reruns,10343,UCSDMI,2/12/2021,Hayden_BSU_Herbivore_Reruns_Plate_1-5_w_DHMC_Mills_Plate_2_S1_L001,210212_M05314_0275_000000000_JGYD5,Hayden_BSU_Herbivore_Reruns_Plate_4,Sequencing by synthesis,16S rRNA,V4,NA,NA,NA,RNBJ0628,Hayden_BSU_Herbivore_Reruns_Plate_4_CL6.2.16_B7,B7,Pre Transition,Clementine
16,12798.CL6.23.16,135,135,0,135,4.581767409,3.978082462,0.953798096,21.64412964,23.7277056,CL6.23.16,Clementine,Mule Deer,6/23/2016,Trial Pens,June Trial,Hall,mule deer,GAGCCCAAAGAG,,,,,,,,UCSDMI,captivity can alter herbivore gut microbial communities,Carmen_HOWE_KF_4,163051748,Illumina MiSeq,"Illumina EMP protocol 515fbc, 806r amplification of 16S rRNA V4",GT,978215,FWD:GTGYCAGCMGCCGCGGTAA; REV:GGACTACNVGGGTWTCTAAT,Illumina,MB,GTGTGYCAGCMGCCGCGGTAA,62320,4,Echo550,Hayden BSU Herbivore Reruns,10343,UCSDMI,2/12/2021,Hayden_BSU_Herbivore_Reruns_Plate_1-5_w_DHMC_Mills_Plate_2_S1_L001,210212_M05314_0275_000000000_JGYD5,Hayden_BSU_Herbivore_Reruns_Plate_4,Sequencing by synthesis,16S rRNA,V4,NA,NA,NA,RNBJ0628,Hayden_BSU_Herbivore_Reruns_Plate_4_CL6.23.16_C7,C7,June Trial,Clementine
17,12798.CL7.19.16,233,233,0,233,5.639377191,4.558194565,0.977489678,44.42406463,39.73444022,CL7.19.16,Clementine,Mule Deer,7/19/2016,Trial Pens,July Trial,North Sherman,mule deer,CAACGAACCATC,,,,,,,,UCSDMI,captivity can alter herbivore gut microbial communities,Carmen_HOWE_KF_4,163051748,Illumina MiSeq,"Illumina EMP protocol 515fbc, 806r amplification of 16S rRNA V4",GT,978215,FWD:GTGYCAGCMGCCGCGGTAA; REV:GGACTACNVGGGTWTCTAAT,Illumina,MB,GTGTGYCAGCMGCCGCGGTAA,62320,4,Echo550,Hayden BSU Herbivore Reruns,10343,UCSDMI,2/12/2021,Hayden_BSU_Herbivore_Reruns_Plate_1-5_w_DHMC_Mills_Plate_2_S1_L001,210212_M05314_0275_000000000_JGYD5,Hayden_BSU_Herbivore_Reruns_Plate_4,Sequencing by synthesis,16S rRNA,V4,NA,NA,NA,RNBJ0628,Hayden_BSU_Herbivore_Reruns_Plate_4_CL7.19.16_D7,D7,July Trial,Clementine
18,12798.CL7.5.16,85,85,0,85,3.766727398,3.938339067,0.969557841,32.84918136,16.87194514,CL7.5.16,Clementine,Mule Deer,7/5/2016,Trial Pens,July Trial,Swansong,mule deer,GTTCGCCGCATC,,,,,,,,UCSDMI,captivity can alter herbivore gut microbial communities,Carmen_HOWE_KF_4,163051748,Illumina MiSeq,"Illumina EMP protocol 515fbc, 806r amplification of 16S rRNA V4",GT,978215,FWD:GTGYCAGCMGCCGCGGTAA; REV:GGACTACNVGGGTWTCTAAT,Illumina,MB,GTGTGYCAGCMGCCGCGGTAA,62320,4,Echo550,Hayden BSU Herbivore Reruns,10343,UCSDMI,2/12/2021,Hayden_BSU_Herbivore_Reruns_Plate_1-5_w_DHMC_Mills_Plate_2_S1_L001,210212_M05314_0275_000000000_JGYD5,Hayden_BSU_Herbivore_Reruns_Plate_4,Sequencing by synthesis,16S rRNA,V4,NA,NA,NA,RNBJ0628,Hayden_BSU_Herbivore_Reruns_Plate_4_CL7.5.16_E7,E7,July Trial,Clementine
19,12798.CL8.12.16,258,258,0.249515033,258.1417625,5.606094995,4.579800064,0.974231832,38.80757046,43.14719835,CL8.12.16,Clementine,Mule Deer,8/12/2016,End Pen,End Pen,End Pen (WUF),mule deer,GTTCGAGTGAAT,,,,,,,,UCSDMI,captivity can alter herbivore gut microbial communities,Carmen_HOWE_KF_4,163051748,Illumina MiSeq,"Illumina EMP protocol 515fbc, 806r amplification of 16S rRNA V4",GT,978215,FWD:GTGYCAGCMGCCGCGGTAA; REV:GGACTACNVGGGTWTCTAAT,Illumina,MB,GTGTGYCAGCMGCCGCGGTAA,62320,4,Echo550,Hayden BSU Herbivore Reruns,10343,UCSDMI,2/12/2021,Hayden_BSU_Herbivore_Reruns_Plate_1-5_w_DHMC_Mills_Plate_2_S1_L001,210212_M05314_0275_000000000_JGYD5,Hayden_BSU_Herbivore_Reruns_Plate_4,Sequencing by synthesis,16S rRNA,V4,NA,NA,NA,RNBJ0628,Hayden_BSU_Herbivore_Reruns_Plate_4_CL8.12.16_F7,F7,End Pen,Clementine
20,12798.CL8.17.16,196,196,0,196,4.970833298,3.468929671,0.860568298,7.17197011,32.01822616,CL8.17.16,Clementine,Mule Deer,8/17/2016,End Pen,End Pen,End Pen (WUF),mule deer,CGGCCTAAGTTC,,,,,,,,UCSDMI,captivity can alter herbivore gut microbial communities,Carmen_HOWE_KF_4,163051748,Illumina MiSeq,"Illumina EMP protocol 515fbc, 806r amplification of 16S rRNA V4",GT,978215,FWD:GTGYCAGCMGCCGCGGTAA; REV:GGACTACNVGGGTWTCTAAT,Illumina,MB,GTGTGYCAGCMGCCGCGGTAA,62320,4,Echo550,Hayden BSU Herbivore Reruns,10343,UCSDMI,2/12/2021,Hayden_BSU_Herbivore_Reruns_Plate_1-5_w_DHMC_Mills_Plate_2_S1_L001,210212_M05314_0275_000000000_JGYD5,Hayden_BSU_Herbivore_Reruns_Plate_4,Sequencing by synthesis,16S rRNA,V4,NA,NA,NA,RNBJ0628,Hayden_BSU_Herbivore_Reruns_Plate_4_CL8.17.16_G7,G7,End Pen,Clementine
21,12798.CL8.3.16,213,213,0,213,5.345350312,4.141439391,0.943250562,17.62131989,36.22345006,CL8.3.16,Clementine,Mule Deer,8/3/2016,Trial Pens,August Trial,North Sherman,mule deer,TAGACTTCAGAG,,,,,,,,UCSDMI,captivity can alter herbivore gut microbial communities,Carmen_HOWE_KF_4,163051748,Illumina MiSeq,"Illumina EMP protocol 515fbc, 806r amplification of 16S rRNA V4",GT,978215,FWD:GTGYCAGCMGCCGCGGTAA; REV:GGACTACNVGGGTWTCTAAT,Illumina,MB,GTGTGYCAGCMGCCGCGGTAA,62320,4,Echo550,Hayden BSU Herbivore Reruns,10343,UCSDMI,2/12/2021,Hayden_BSU_Herbivore_Reruns_Plate_1-5_w_DHMC_Mills_Plate_2_S1_L001,210212_M05314_0275_000000000_JGYD5,Hayden_BSU_Herbivore_Reruns_Plate_4,Sequencing by synthesis,16S rRNA,V4,NA,NA,NA,RNBJ0628,Hayden_BSU_Herbivore_Reruns_Plate_4_CL8.3.16_H7,H7,August Trial,Clementine
22,12798.CL8.5.16,192,192,0,192,5.098508769,4.444897977,0.971402386,34.96795177,33.62441143,CL8.5.16,Clementine,Mule Deer,8/5/2016,Post Transition,Post Transition,PostTransition (WUF),mule deer,GATAGCACTCGT,,,,,,,,UCSDMI,captivity can alter herbivore gut microbial communities,Carmen_HOWE_KF_4,163051748,Illumina MiSeq,"Illumina EMP protocol 515fbc, 806r amplification of 16S rRNA V4",GT,978215,FWD:GTGYCAGCMGCCGCGGTAA; REV:GGACTACNVGGGTWTCTAAT,Illumina,MB,GTGTGYCAGCMGCCGCGGTAA,62320,4,Echo550,Hayden BSU Herbivore Reruns,10343,UCSDMI,2/12/2021,Hayden_BSU_Herbivore_Reruns_Plate_1-5_w_DHMC_Mills_Plate_2_S1_L001,210212_M05314_0275_000000000_JGYD5,Hayden_BSU_Herbivore_Reruns_Plate_4,Sequencing by synthesis,16S rRNA,V4,NA,NA,NA,RNBJ0628,Hayden_BSU_Herbivore_Reruns_Plate_4_CL8.5.16_A8,A8,Post Transition,Clementine
23,12798.CR7.6.16,354,354,0.166431095,354.1589958,5.799077464,4.903090645,0.984940689,66.40409873,55.54254957,CR7.6.16,Cosette,Mule Deer,7/6/2016,Trial Pens,July Trial,Swansong,mule deer,ACGTTAATATTC,,,,,,,,UCSDMI,captivity can alter herbivore gut microbial communities,Carmen_HOWE_KF_4,163051748,Illumina MiSeq,"Illumina EMP protocol 515fbc, 806r amplification of 16S rRNA V4",GT,978215,FWD:GTGYCAGCMGCCGCGGTAA; REV:GGACTACNVGGGTWTCTAAT,Illumina,MB,GTGTGYCAGCMGCCGCGGTAA,62320,4,Echo550,Hayden BSU Herbivore Reruns,10343,UCSDMI,2/12/2021,Hayden_BSU_Herbivore_Reruns_Plate_1-5_w_DHMC_Mills_Plate_2_S1_L001,210212_M05314_0275_000000000_JGYD5,Hayden_BSU_Herbivore_Reruns_Plate_4,Sequencing by synthesis,16S rRNA,V4,NA,NA,NA,RNBJ0628,Hayden_BSU_Herbivore_Reruns_Plate_4_CR7.6.16_B8,B8,July Trial,Cosette
24,12798.CS5.20.16,215,215,0,215,5.474677436,4.596093972,0.978968892,47.54861284,37.5342327,CS5.20.16,Cosette,Mule Deer,5/20/2016,Start Pen,Start Pen,Start Pen (WUF),mule deer,CCATGTGGCTCC,,,,,,,,UCSDMI,captivity can alter herbivore gut microbial communities,Carmen_HOWE_KF_4,163051748,Illumina MiSeq,"Illumina EMP protocol 515fbc, 806r amplification of 16S rRNA V4",GT,978215,FWD:GTGYCAGCMGCCGCGGTAA; REV:GGACTACNVGGGTWTCTAAT,Illumina,MB,GTGTGYCAGCMGCCGCGGTAA,62320,4,Echo550,Hayden BSU Herbivore Reruns,10343,UCSDMI,2/12/2021,Hayden_BSU_Herbivore_Reruns_Plate_1-5_w_DHMC_Mills_Plate_2_S1_L001,210212_M05314_0275_000000000_JGYD5,Hayden_BSU_Herbivore_Reruns_Plate_4,Sequencing by synthesis,16S rRNA,V4,NA,NA,NA,RNBJ0628,Hayden_BSU_Herbivore_Reruns_Plate_4_CS5.20.16_C8,C8,Start Pen,Cosette
25,12798.CS6.17.16,208,208,0,208,5.789579498,4.168959833,0.960834286,25.53253585,34.26885585,CS6.17.16,Cosette,Mule Deer,6/17/2016,Trial Pens,June Trial,Deadman,mule deer,ACACGTTTGGGT,,,,,,,,UCSDMI,captivity can alter herbivore gut microbial communities,Carmen_HOWE_KF_4,163051748,Illumina MiSeq,"Illumina EMP protocol 515fbc, 806r amplification of 16S rRNA V4",GT,978215,FWD:GTGYCAGCMGCCGCGGTAA; REV:GGACTACNVGGGTWTCTAAT,Illumina,MB,GTGTGYCAGCMGCCGCGGTAA,62320,4,Echo550,Hayden BSU Herbivore Reruns,10343,UCSDMI,2/12/2021,Hayden_BSU_Herbivore_Reruns_Plate_1-5_w_DHMC_Mills_Plate_2_S1_L001,210212_M05314_0275_000000000_JGYD5,Hayden_BSU_Herbivore_Reruns_Plate_4,Sequencing by synthesis,16S rRNA,V4,NA,NA,NA,RNBJ0628,Hayden_BSU_Herbivore_Reruns_Plate_4_CS6.17.16_D8,D8,June Trial,Cosette
26,12798.CS6.2.16,368,368,0,368,6.890447073,5.083938305,0.984957156,66.47678933,63.25710421,CS6.2.16,Cosette,Mule Deer,6/2/2016,Pre Transition,Pre Transition,PreTransition (Malo),mule deer,AGACTATTTCAT,,,,,,,,UCSDMI,captivity can alter herbivore gut microbial communities,Carmen_HOWE_KF_4,163051748,Illumina MiSeq,"Illumina EMP protocol 515fbc, 806r amplification of 16S rRNA V4",GT,978215,FWD:GTGYCAGCMGCCGCGGTAA; REV:GGACTACNVGGGTWTCTAAT,Illumina,MB,GTGTGYCAGCMGCCGCGGTAA,62320,4,Echo550,Hayden BSU Herbivore Reruns,10343,UCSDMI,2/12/2021,Hayden_BSU_Herbivore_Reruns_Plate_1-5_w_DHMC_Mills_Plate_2_S1_L001,210212_M05314_0275_000000000_JGYD5,Hayden_BSU_Herbivore_Reruns_Plate_4,Sequencing by synthesis,16S rRNA,V4,NA,NA,NA,RNBJ0628,Hayden_BSU_Herbivore_Reruns_Plate_4_CS6.2.16_E8,E8,Pre Transition,Cosette
27,12798.CS6.23.16,228,228,0,228,5.031043978,4.082557167,0.927544039,13.80148688,35.83123578,CS6.23.16,Cosette,Mule Deer,6/23/2016,Trial Pens,June Trial,Hall,mule deer,AGTCCGAGTTGT,,,,,,,,UCSDMI,captivity can alter herbivore gut microbial communities,Carmen_HOWE_KF_4,163051748,Illumina MiSeq,"Illumina EMP protocol 515fbc, 806r amplification of 16S rRNA V4",GT,978215,FWD:GTGYCAGCMGCCGCGGTAA; REV:GGACTACNVGGGTWTCTAAT,Illumina,MB,GTGTGYCAGCMGCCGCGGTAA,62320,4,Echo550,Hayden BSU Herbivore Reruns,10343,UCSDMI,2/12/2021,Hayden_BSU_Herbivore_Reruns_Plate_1-5_w_DHMC_Mills_Plate_2_S1_L001,210212_M05314_0275_000000000_JGYD5,Hayden_BSU_Herbivore_Reruns_Plate_4,Sequencing by synthesis,16S rRNA,V4,NA,NA,NA,RNBJ0628,Hayden_BSU_Herbivore_Reruns_Plate_4_CS6.23.16_F8,F8,June Trial,Cosette
28,12798.KI5.20.16,196,196,0,196,5.361902647,4.597522531,0.98179248,54.92236159,33.79565345,KI5.20.16,Kayi,White-tailed,5/20/2016,Start Pen,Start Pen,Start Pen (WUF),mule deer,GCTGAGCCTTTG,,,,,,,,UCSDMI,captivity can alter herbivore gut microbial communities,Carmen_HOWE_KF_4,163051748,Illumina MiSeq,"Illumina EMP protocol 515fbc, 806r amplification of 16S rRNA V4",GT,978215,FWD:GTGYCAGCMGCCGCGGTAA; REV:GGACTACNVGGGTWTCTAAT,Illumina,MB,GTGTGYCAGCMGCCGCGGTAA,62320,4,Echo550,Hayden BSU Herbivore Reruns,10343,UCSDMI,2/12/2021,Hayden_BSU_Herbivore_Reruns_Plate_1-5_w_DHMC_Mills_Plate_2_S1_L001,210212_M05314_0275_000000000_JGYD5,Hayden_BSU_Herbivore_Reruns_Plate_4,Sequencing by synthesis,16S rRNA,V4,NA,NA,NA,RNBJ0628,Hayden_BSU_Herbivore_Reruns_Plate_4_KI5.20.16_G8,G8,Start Pen,Kayi
29,12798.KI6.17.16,224,224,0,224,5.024493578,4.342727618,0.968371571,31.61712488,35.73984349,KI6.17.16,Kayi,White-tailed,6/17/2016,Trial Pens,June Trial,Sand Creek,mule deer,ACTTAGACTCTT,,,,,,,,UCSDMI,captivity can alter herbivore gut microbial communities,Carmen_HOWE_KF_4,163051748,Illumina MiSeq,"Illumina EMP protocol 515fbc, 806r amplification of 16S rRNA V4",GT,978215,FWD:GTGYCAGCMGCCGCGGTAA; REV:GGACTACNVGGGTWTCTAAT,Illumina,MB,GTGTGYCAGCMGCCGCGGTAA,62320,4,Echo550,Hayden BSU Herbivore Reruns,10343,UCSDMI,2/12/2021,Hayden_BSU_Herbivore_Reruns_Plate_1-5_w_DHMC_Mills_Plate_2_S1_L001,210212_M05314_0275_000000000_JGYD5,Hayden_BSU_Herbivore_Reruns_Plate_4,Sequencing by synthesis,16S rRNA,V4,NA,NA,NA,RNBJ0628,Hayden_BSU_Herbivore_Reruns_Plate_4_KI6.17.16_H8,H8,June Trial,Kayi
30,12798.KI6.2.16,96,96,0,96,4.182054918,3.763925788,0.948215173,19.31067573,17.73842291,KI6.2.16,Kayi,White-tailed,6/2/2016,Pre Transition,Pre Transition,PreTransition (Malo),mule deer,GTAATTGTAATT,,,,,,,,UCSDMI,captivity can alter herbivore gut microbial communities,Carmen_HOWE_KF_4,163051748,Illumina MiSeq,"Illumina EMP protocol 515fbc, 806r amplification of 16S rRNA V4",GT,978215,FWD:GTGYCAGCMGCCGCGGTAA; REV:GGACTACNVGGGTWTCTAAT,Illumina,MB,GTGTGYCAGCMGCCGCGGTAA,62320,4,Echo550,Hayden BSU Herbivore Reruns,10343,UCSDMI,2/12/2021,Hayden_BSU_Herbivore_Reruns_Plate_1-5_w_DHMC_Mills_Plate_2_S1_L001,210212_M05314_0275_000000000_JGYD5,Hayden_BSU_Herbivore_Reruns_Plate_4,Sequencing by synthesis,16S rRNA,V4,NA,NA,NA,RNBJ0628,Hayden_BSU_Herbivore_Reruns_Plate_4_KI6.2.16_A9,A9,Pre Transition,Kayi
31,12798.KI6.23.16,198,198,0,198,4.82889033,4.489875474,0.978722387,46.99775228,33.39776096,KI6.23.16,Kayi,White-tailed,6/23/2016,Trial Pens,June Trial,Deadman,mule deer,TCTAACGAGTGC,,,,,,,,UCSDMI,captivity can alter herbivore gut microbial communities,Carmen_HOWE_KF_4,163051748,Illumina MiSeq,"Illumina EMP protocol 515fbc, 806r amplification of 16S rRNA V4",GT,978215,FWD:GTGYCAGCMGCCGCGGTAA; REV:GGACTACNVGGGTWTCTAAT,Illumina,MB,GTGTGYCAGCMGCCGCGGTAA,62320,4,Echo550,Hayden BSU Herbivore Reruns,10343,UCSDMI,2/12/2021,Hayden_BSU_Herbivore_Reruns_Plate_1-5_w_DHMC_Mills_Plate_2_S1_L001,210212_M05314_0275_000000000_JGYD5,Hayden_BSU_Herbivore_Reruns_Plate_4,Sequencing by synthesis,16S rRNA,V4,NA,NA,NA,RNBJ0628,Hayden_BSU_Herbivore_Reruns_Plate_4_KI6.23.16_B9,B9,June Trial,Kayi
32,12798.KI7.19.16,281,281,0,281,6.091824052,4.629244596,0.96941343,32.69408773,47.76317883,KI7.19.16,Kayi,White-tailed,7/19/2016,Trial Pens,July Trial,Swansong,mule deer,CGTTCCTTGTTA,,,,,,,,UCSDMI,captivity can alter herbivore gut microbial communities,Carmen_HOWE_KF_4,163051748,Illumina MiSeq,"Illumina EMP protocol 515fbc, 806r amplification of 16S rRNA V4",GT,978215,FWD:GTGYCAGCMGCCGCGGTAA; REV:GGACTACNVGGGTWTCTAAT,Illumina,MB,GTGTGYCAGCMGCCGCGGTAA,62320,4,Echo550,Hayden BSU Herbivore Reruns,10343,UCSDMI,2/12/2021,Hayden_BSU_Herbivore_Reruns_Plate_1-5_w_DHMC_Mills_Plate_2_S1_L001,210212_M05314_0275_000000000_JGYD5,Hayden_BSU_Herbivore_Reruns_Plate_4,Sequencing by synthesis,16S rRNA,V4,NA,NA,NA,RNBJ0628,Hayden_BSU_Herbivore_Reruns_Plate_4_KI7.19.16_C9,C9,July Trial,Kayi
33,12798.KI7.5.16,108,108,0,108,3.691832828,3.904805409,0.958426991,24.05406828,18.60797928,KI7.5.16,Kayi,White-tailed,7/5/2016,Trial Pens,July Trial,Hall,mule deer,CGTCGCAGCCTT,,,,,,,,UCSDMI,captivity can alter herbivore gut microbial communities,Carmen_HOWE_KF_4,163051748,Illumina MiSeq,"Illumina EMP protocol 515fbc, 806r amplification of 16S rRNA V4",GT,978215,FWD:GTGYCAGCMGCCGCGGTAA; REV:GGACTACNVGGGTWTCTAAT,Illumina,MB,GTGTGYCAGCMGCCGCGGTAA,62320,4,Echo550,Hayden BSU Herbivore Reruns,10343,UCSDMI,2/12/2021,Hayden_BSU_Herbivore_Reruns_Plate_1-5_w_DHMC_Mills_Plate_2_S1_L001,210212_M05314_0275_000000000_JGYD5,Hayden_BSU_Herbivore_Reruns_Plate_4,Sequencing by synthesis,16S rRNA,V4,NA,NA,NA,RNBJ0628,Hayden_BSU_Herbivore_Reruns_Plate_4_KI7.5.16_D9,D9,July Trial,Kayi
34,12798.KI8.13.16,282,282,0,282,6.093828991,4.660170353,0.976484033,42.52429805,47.55286637,KI8.13.16,Kayi,White-tailed,8/13/2016,End Pen,End Pen,End Pen (WUF),mule deer,AGCGATTCCTCG,,,,,,,,UCSDMI,captivity can alter herbivore gut microbial communities,Carmen_HOWE_KF_4,163051748,Illumina MiSeq,"Illumina EMP protocol 515fbc, 806r amplification of 16S rRNA V4",GT,978215,FWD:GTGYCAGCMGCCGCGGTAA; REV:GGACTACNVGGGTWTCTAAT,Illumina,MB,GTGTGYCAGCMGCCGCGGTAA,62320,4,Echo550,Hayden BSU Herbivore Reruns,10343,UCSDMI,2/12/2021,Hayden_BSU_Herbivore_Reruns_Plate_1-5_w_DHMC_Mills_Plate_2_S1_L001,210212_M05314_0275_000000000_JGYD5,Hayden_BSU_Herbivore_Reruns_Plate_4,Sequencing by synthesis,16S rRNA,V4,NA,NA,NA,RNBJ0628,Hayden_BSU_Herbivore_Reruns_Plate_4_KI8.13.16_E9,E9,End Pen,Kayi
35,12798.KI8.17.16,244,244,0,244,5.840432838,4.783125008,0.982600902,57.47424444,43.26202773,KI8.17.16,Kayi,White-tailed,8/17/2016,End Pen,End Pen,End Pen (WUF),mule deer,CGTGAGGACCAG,,,,,,,,UCSDMI,captivity can alter herbivore gut microbial communities,Carmen_HOWE_KF_4,163051748,Illumina MiSeq,"Illumina EMP protocol 515fbc, 806r amplification of 16S rRNA V4",GT,978215,FWD:GTGYCAGCMGCCGCGGTAA; REV:GGACTACNVGGGTWTCTAAT,Illumina,MB,GTGTGYCAGCMGCCGCGGTAA,62320,4,Echo550,Hayden BSU Herbivore Reruns,10343,UCSDMI,2/12/2021,Hayden_BSU_Herbivore_Reruns_Plate_1-5_w_DHMC_Mills_Plate_2_S1_L001,210212_M05314_0275_000000000_JGYD5,Hayden_BSU_Herbivore_Reruns_Plate_4,Sequencing by synthesis,16S rRNA,V4,NA,NA,NA,RNBJ0628,Hayden_BSU_Herbivore_Reruns_Plate_4_KI8.17.16_F9,F9,End Pen,Kayi
36,12798.KI8.2.16,136,136,0,136,4.445751442,4.082595612,0.962394327,26.59173266,24.79488447,KI8.2.16,Kayi,White-tailed,8/2/2016,Trial Pens,August Trial,North Sherman,mule deer,AGAGACGCGTAG,,,,,,,,UCSDMI,captivity can alter herbivore gut microbial communities,Carmen_HOWE_KF_4,163051748,Illumina MiSeq,"Illumina EMP protocol 515fbc, 806r amplification of 16S rRNA V4",GT,978215,FWD:GTGYCAGCMGCCGCGGTAA; REV:GGACTACNVGGGTWTCTAAT,Illumina,MB,GTGTGYCAGCMGCCGCGGTAA,62320,4,Echo550,Hayden BSU Herbivore Reruns,10343,UCSDMI,2/12/2021,Hayden_BSU_Herbivore_Reruns_Plate_1-5_w_DHMC_Mills_Plate_2_S1_L001,210212_M05314_0275_000000000_JGYD5,Hayden_BSU_Herbivore_Reruns_Plate_4,Sequencing by synthesis,16S rRNA,V4,NA,NA,NA,RNBJ0628,Hayden_BSU_Herbivore_Reruns_Plate_4_KI8.2.16_G9,G9,August Trial,Kayi
37,12798.KI8.5.16,161,161,0,161,4.740469353,4.206236889,0.969690783,32.9932642,27.67868767,KI8.5.16,Kayi,White-tailed,8/5/2016,Post Transition,Post Transition,PostTransition (WUF),mule deer,GGACCTGGATGG,,,,,,,,UCSDMI,captivity can alter herbivore gut microbial communities,Carmen_HOWE_KF_4,163051748,Illumina MiSeq,"Illumina EMP protocol 515fbc, 806r amplification of 16S rRNA V4",GT,978215,FWD:GTGYCAGCMGCCGCGGTAA; REV:GGACTACNVGGGTWTCTAAT,Illumina,MB,GTGTGYCAGCMGCCGCGGTAA,62320,4,Echo550,Hayden BSU Herbivore Reruns,10343,UCSDMI,2/12/2021,Hayden_BSU_Herbivore_Reruns_Plate_1-5_w_DHMC_Mills_Plate_2_S1_L001,210212_M05314_0275_000000000_JGYD5,Hayden_BSU_Herbivore_Reruns_Plate_4,Sequencing by synthesis,16S rRNA,V4,NA,NA,NA,RNBJ0628,Hayden_BSU_Herbivore_Reruns_Plate_4_KI8.5.16_H9,H9,Post Transition,Kayi
38,12798.KI8.6.16,210,210,0,210,5.847669458,4.326123666,0.97092643,34.39550079,34.98909518,KI8.6.16,Kayi,White-tailed,8/6/2016,Post Transition,Post Transition,PostTransition (WUF),mule deer,TGCTACAGACGT,,,,,,,,UCSDMI,captivity can alter herbivore gut microbial communities,Carmen_HOWE_KF_4,163051748,Illumina MiSeq,"Illumina EMP protocol 515fbc, 806r amplification of 16S rRNA V4",GT,978215,FWD:GTGYCAGCMGCCGCGGTAA; REV:GGACTACNVGGGTWTCTAAT,Illumina,MB,GTGTGYCAGCMGCCGCGGTAA,62320,4,Echo550,Hayden BSU Herbivore Reruns,10343,UCSDMI,2/12/2021,Hayden_BSU_Herbivore_Reruns_Plate_1-5_w_DHMC_Mills_Plate_2_S1_L001,210212_M05314_0275_000000000_JGYD5,Hayden_BSU_Herbivore_Reruns_Plate_4,Sequencing by synthesis,16S rRNA,V4,NA,NA,NA,RNBJ0628,Hayden_BSU_Herbivore_Reruns_Plate_4_KI8.6.16_A10,A10,Post Transition,Kayi
39,12798.KS5.20.16,246,246,0,246,5.66834026,4.403416353,0.960644081,25.40913863,40.84968638,KS5.20.16,Kestrel,Mule Deer,5/20/2016,Start Pen,Start Pen,Start Pen (WUF),mule deer,GATCCCACGTAC,,,,,,,,UCSDMI,captivity can alter herbivore gut microbial communities,Carmen_HOWE_KF_4,163051748,Illumina MiSeq,"Illumina EMP protocol 515fbc, 806r amplification of 16S rRNA V4",GT,978215,FWD:GTGYCAGCMGCCGCGGTAA; REV:GGACTACNVGGGTWTCTAAT,Illumina,MB,GTGTGYCAGCMGCCGCGGTAA,62320,4,Echo550,Hayden BSU Herbivore Reruns,10343,UCSDMI,2/12/2021,Hayden_BSU_Herbivore_Reruns_Plate_1-5_w_DHMC_Mills_Plate_2_S1_L001,210212_M05314_0275_000000000_JGYD5,Hayden_BSU_Herbivore_Reruns_Plate_4,Sequencing by synthesis,16S rRNA,V4,NA,NA,NA,RNBJ0628,Hayden_BSU_Herbivore_Reruns_Plate_4_KS5.20.16_B10,B10,Start Pen,Kestrel
40,12798.KS7.19.16,131,131,0,131,4.751857813,4.293285754,0.977780127,45.00475742,23.65964908,KS7.19.16,Kestrel,Mule Deer,7/19/2016,Trial Pens,July Trial,Swansong,mule deer,CGCTAGGATGTT,,,,,,,,UCSDMI,captivity can alter herbivore gut microbial communities,Carmen_HOWE_KF_4,163051748,Illumina MiSeq,"Illumina EMP protocol 515fbc, 806r amplification of 16S rRNA V4",GT,978215,FWD:GTGYCAGCMGCCGCGGTAA; REV:GGACTACNVGGGTWTCTAAT,Illumina,MB,GTGTGYCAGCMGCCGCGGTAA,62320,4,Echo550,Hayden BSU Herbivore Reruns,10343,UCSDMI,2/12/2021,Hayden_BSU_Herbivore_Reruns_Plate_1-5_w_DHMC_Mills_Plate_2_S1_L001,210212_M05314_0275_000000000_JGYD5,Hayden_BSU_Herbivore_Reruns_Plate_4,Sequencing by synthesis,16S rRNA,V4,NA,NA,NA,RNBJ0628,Hayden_BSU_Herbivore_Reruns_Plate_4_KS7.19.16_C10,C10,July Trial,Kestrel
41,12798.KS7.5.16,235,235,0,235,5.041951665,4.59348191,0.976153689,41.9352071,38.65047854,KS7.5.16,Kestrel,Mule Deer,7/5/2016,Trial Pens,July Trial,Hall,mule deer,CTACTTACATCC,,,,,,,,UCSDMI,captivity can alter herbivore gut microbial communities,Carmen_HOWE_KF_4,163051748,Illumina MiSeq,"Illumina EMP protocol 515fbc, 806r amplification of 16S rRNA V4",GT,978215,FWD:GTGYCAGCMGCCGCGGTAA; REV:GGACTACNVGGGTWTCTAAT,Illumina,MB,GTGTGYCAGCMGCCGCGGTAA,62320,4,Echo550,Hayden BSU Herbivore Reruns,10343,UCSDMI,2/12/2021,Hayden_BSU_Herbivore_Reruns_Plate_1-5_w_DHMC_Mills_Plate_2_S1_L001,210212_M05314_0275_000000000_JGYD5,Hayden_BSU_Herbivore_Reruns_Plate_4,Sequencing by synthesis,16S rRNA,V4,NA,NA,NA,RNBJ0628,Hayden_BSU_Herbivore_Reruns_Plate_4_KS7.5.16_D10,D10,July Trial,Kestrel
42,12798.KS8.12.16,59,59,0,59,3.536732189,3.355174699,0.939927043,16.64642557,11.10908269,KS8.12.16,Kestrel,Mule Deer,8/12/2016,End Pen,End Pen,End Pen (WUF),mule deer,ACCACCGTAACC,,,,,,,,UCSDMI,captivity can alter herbivore gut microbial communities,Carmen_HOWE_KF_4,163051748,Illumina MiSeq,"Illumina EMP protocol 515fbc, 806r amplification of 16S rRNA V4",GT,978215,FWD:GTGYCAGCMGCCGCGGTAA; REV:GGACTACNVGGGTWTCTAAT,Illumina,MB,GTGTGYCAGCMGCCGCGGTAA,62320,4,Echo550,Hayden BSU Herbivore Reruns,10343,UCSDMI,2/12/2021,Hayden_BSU_Herbivore_Reruns_Plate_1-5_w_DHMC_Mills_Plate_2_S1_L001,210212_M05314_0275_000000000_JGYD5,Hayden_BSU_Herbivore_Reruns_Plate_4,Sequencing by synthesis,16S rRNA,V4,NA,NA,NA,RNBJ0628,Hayden_BSU_Herbivore_Reruns_Plate_4_KS8.12.16_E10,E10,End Pen,Kestrel
43,12798.KS8.17.16,219,219,0,219,5.826251409,4.762952414,0.982690894,57.77305935,39.77423498,KS8.17.16,Kestrel,Mule Deer,8/17/2016,End Pen,End Pen,End Pen (WUF),mule deer,CGGTTGGCGGGT,,,,,,,,UCSDMI,captivity can alter herbivore gut microbial communities,Carmen_HOWE_KF_4,163051748,Illumina MiSeq,"Illumina EMP protocol 515fbc, 806r amplification of 16S rRNA V4",GT,978215,FWD:GTGYCAGCMGCCGCGGTAA; REV:GGACTACNVGGGTWTCTAAT,Illumina,MB,GTGTGYCAGCMGCCGCGGTAA,62320,4,Echo550,Hayden BSU Herbivore Reruns,10343,UCSDMI,2/12/2021,Hayden_BSU_Herbivore_Reruns_Plate_1-5_w_DHMC_Mills_Plate_2_S1_L001,210212_M05314_0275_000000000_JGYD5,Hayden_BSU_Herbivore_Reruns_Plate_4,Sequencing by synthesis,16S rRNA,V4,NA,NA,NA,RNBJ0628,Hayden_BSU_Herbivore_Reruns_Plate_4_KS8.17.16_F10,F10,End Pen,Kestrel
44,12798.KS8.2.16,206,206,0,206,5.677412237,4.255602264,0.958469296,24.07857067,34.76364451,KS8.2.16,Kestrel,Mule Deer,8/2/2016,Trial Pens,August Trial,North Sherman,mule deer,CCACCGGGCCGA,,,,,,,,UCSDMI,captivity can alter herbivore gut microbial communities,Carmen_HOWE_KF_4,163051748,Illumina MiSeq,"Illumina EMP protocol 515fbc, 806r amplification of 16S rRNA V4",GT,978215,FWD:GTGYCAGCMGCCGCGGTAA; REV:GGACTACNVGGGTWTCTAAT,Illumina,MB,GTGTGYCAGCMGCCGCGGTAA,62320,4,Echo550,Hayden BSU Herbivore Reruns,10343,UCSDMI,2/12/2021,Hayden_BSU_Herbivore_Reruns_Plate_1-5_w_DHMC_Mills_Plate_2_S1_L001,210212_M05314_0275_000000000_JGYD5,Hayden_BSU_Herbivore_Reruns_Plate_4,Sequencing by synthesis,16S rRNA,V4,NA,NA,NA,RNBJ0628,Hayden_BSU_Herbivore_Reruns_Plate_4_KS8.2.16_G10,G10,August Trial,Kestrel
45,12798.KS8.5.16,267,267,0,267,5.580866189,4.696227671,0.974016307,38.48567577,46.641463,KS8.5.16,Kestrel,Mule Deer,8/5/2016,Post Transition,Post Transition,PostTransition (WUF),mule deer,TATGTGCCGGCT,,,,,,,,UCSDMI,captivity can alter herbivore gut microbial communities,Carmen_HOWE_KF_4,163051748,Illumina MiSeq,"Illumina EMP protocol 515fbc, 806r amplification of 16S rRNA V4",GT,978215,FWD:GTGYCAGCMGCCGCGGTAA; REV:GGACTACNVGGGTWTCTAAT,Illumina,MB,GTGTGYCAGCMGCCGCGGTAA,62320,4,Echo550,Hayden BSU Herbivore Reruns,10343,UCSDMI,2/12/2021,Hayden_BSU_Herbivore_Reruns_Plate_1-5_w_DHMC_Mills_Plate_2_S1_L001,210212_M05314_0275_000000000_JGYD5,Hayden_BSU_Herbivore_Reruns_Plate_4,Sequencing by synthesis,16S rRNA,V4,NA,NA,NA,RNBJ0628,Hayden_BSU_Herbivore_Reruns_Plate_4_KS8.5.16_H10,H10,Post Transition,Kestrel
46,12798.KS8.6.16,276,276,0,276,5.786979388,4.837691131,0.98334423,60.03925369,47.27220484,KS8.6.16,Kestrel,Mule Deer,8/6/2016,Post Transition,Post Transition,PostTransition (WUF),mule deer,AGGTGAGTTCTA,,,,,,,,UCSDMI,captivity can alter herbivore gut microbial communities,Carmen_HOWE_KF_4,163051748,Illumina MiSeq,"Illumina EMP protocol 515fbc, 806r amplification of 16S rRNA V4",GT,978215,FWD:GTGYCAGCMGCCGCGGTAA; REV:GGACTACNVGGGTWTCTAAT,Illumina,MB,GTGTGYCAGCMGCCGCGGTAA,62320,4,Echo550,Hayden BSU Herbivore Reruns,10343,UCSDMI,2/12/2021,Hayden_BSU_Herbivore_Reruns_Plate_1-5_w_DHMC_Mills_Plate_2_S1_L001,210212_M05314_0275_000000000_JGYD5,Hayden_BSU_Herbivore_Reruns_Plate_4,Sequencing by synthesis,16S rRNA,V4,NA,NA,NA,RNBJ0628,Hayden_BSU_Herbivore_Reruns_Plate_4_KS8.6.16_A11,A11,Post Transition,Kestrel
47,12798.LC6.14.16,189,189,0,189,4.735322631,4.446941361,0.97613471,41.90185909,31.06764347,LC6.14.16,Lucy,White-tailed,6/14/2016,Trial Pens,June Trial,Sand Creek,mule deer,CCGCCAGCTTTG,,,,,,,,UCSDMI,captivity can alter herbivore gut microbial communities,Carmen_HOWE_KF_4,163051748,Illumina MiSeq,"Illumina EMP protocol 515fbc, 806r amplification of 16S rRNA V4",GT,978215,FWD:GTGYCAGCMGCCGCGGTAA; REV:GGACTACNVGGGTWTCTAAT,Illumina,MB,GTGTGYCAGCMGCCGCGGTAA,62320,4,Echo550,Hayden BSU Herbivore Reruns,10343,UCSDMI,2/12/2021,Hayden_BSU_Herbivore_Reruns_Plate_1-5_w_DHMC_Mills_Plate_2_S1_L001,210212_M05314_0275_000000000_JGYD5,Hayden_BSU_Herbivore_Reruns_Plate_4,Sequencing by synthesis,16S rRNA,V4,NA,NA,NA,RNBJ0628,Hayden_BSU_Herbivore_Reruns_Plate_4_LC6.14.16_B11,B11,June Trial,Lucy
48,12798.LC6.17.16,189,189,0,189,5.155774489,4.331632013,0.971237323,34.76727839,31.80383791,LC6.17.16,Lucy,White-tailed,6/17/2016,Trial Pens,June Trial,Sand Creek,mule deer,AGCGGTAGCGGT,,,,,,,,UCSDMI,captivity can alter herbivore gut microbial communities,Carmen_HOWE_KF_4,163051748,Illumina MiSeq,"Illumina EMP protocol 515fbc, 806r amplification of 16S rRNA V4",GT,978215,FWD:GTGYCAGCMGCCGCGGTAA; REV:GGACTACNVGGGTWTCTAAT,Illumina,MB,GTGTGYCAGCMGCCGCGGTAA,62320,4,Echo550,Hayden BSU Herbivore Reruns,10343,UCSDMI,2/12/2021,Hayden_BSU_Herbivore_Reruns_Plate_1-5_w_DHMC_Mills_Plate_2_S1_L001,210212_M05314_0275_000000000_JGYD5,Hayden_BSU_Herbivore_Reruns_Plate_4,Sequencing by synthesis,16S rRNA,V4,NA,NA,NA,RNBJ0628,Hayden_BSU_Herbivore_Reruns_Plate_4_LC6.17.16_C11,C11,June Trial,Lucy
49,12798.LL5.20.16,242,242,0,242,5.659775424,4.747602382,0.985821764,70.53063468,39.2782351,LL5.20.16,Lucy,White-tailed,5/20/2016,Start Pen,Start Pen,Start Pen (WUF),mule deer,AGGAAGTAACTT,,,,,,,,UCSDMI,captivity can alter herbivore gut microbial communities,Carmen_HOWE_KF_4,163051748,Illumina MiSeq,"Illumina EMP protocol 515fbc, 806r amplification of 16S rRNA V4",GT,978215,FWD:GTGYCAGCMGCCGCGGTAA; REV:GGACTACNVGGGTWTCTAAT,Illumina,MB,GTGTGYCAGCMGCCGCGGTAA,62320,4,Echo550,Hayden BSU Herbivore Reruns,10343,UCSDMI,2/12/2021,Hayden_BSU_Herbivore_Reruns_Plate_1-5_w_DHMC_Mills_Plate_2_S1_L001,210212_M05314_0275_000000000_JGYD5,Hayden_BSU_Herbivore_Reruns_Plate_4,Sequencing by synthesis,16S rRNA,V4,NA,NA,NA,RNBJ0628,Hayden_BSU_Herbivore_Reruns_Plate_4_LL5.20.16_E11,E11,Start Pen,Lucy
50,12798.LL6.2.16,89,89,0,89,3.789399763,3.247621208,0.901165064,10.11787981,14.57071996,LL6.2.16,Lucy,White-tailed,6/2/2016,Pre Transition,Pre Transition,PreTransition (Malo),mule deer,CGATTCCTTAAT,,,,,,,,UCSDMI,captivity can alter herbivore gut microbial communities,Carmen_HOWE_KF_4,163051748,Illumina MiSeq,"Illumina EMP protocol 515fbc, 806r amplification of 16S rRNA V4",GT,978215,FWD:GTGYCAGCMGCCGCGGTAA; REV:GGACTACNVGGGTWTCTAAT,Illumina,MB,GTGTGYCAGCMGCCGCGGTAA,62320,4,Echo550,Hayden BSU Herbivore Reruns,10343,UCSDMI,2/12/2021,Hayden_BSU_Herbivore_Reruns_Plate_1-5_w_DHMC_Mills_Plate_2_S1_L001,210212_M05314_0275_000000000_JGYD5,Hayden_BSU_Herbivore_Reruns_Plate_4,Sequencing by synthesis,16S rRNA,V4,NA,NA,NA,RNBJ0628,Hayden_BSU_Herbivore_Reruns_Plate_4_LL6.2.16_F11,F11,Pre Transition,Lucy
51,12798.LL6.23.16,134,134,0,134,4.577687613,1.848390715,0.5020693,2.008311597,18.7380215,LL6.23.16,Lucy,White-tailed,6/23/2016,Trial Pens,June Trial,Deadman,mule deer,AATCCGGTCACC,,,,,,,,UCSDMI,captivity can alter herbivore gut microbial communities,Carmen_HOWE_KF_4,163051748,Illumina MiSeq,"Illumina EMP protocol 515fbc, 806r amplification of 16S rRNA V4",GT,978215,FWD:GTGYCAGCMGCCGCGGTAA; REV:GGACTACNVGGGTWTCTAAT,Illumina,MB,GTGTGYCAGCMGCCGCGGTAA,62320,4,Echo550,Hayden BSU Herbivore Reruns,10343,UCSDMI,2/12/2021,Hayden_BSU_Herbivore_Reruns_Plate_1-5_w_DHMC_Mills_Plate_2_S1_L001,210212_M05314_0275_000000000_JGYD5,Hayden_BSU_Herbivore_Reruns_Plate_4,Sequencing by synthesis,16S rRNA,V4,NA,NA,NA,RNBJ0628,Hayden_BSU_Herbivore_Reruns_Plate_4_LL6.23.16_G11,G11,June Trial,Lucy
52,12798.LL7.19.16,204,204,0,204,4.517395571,4.657589607,0.981793812,54.92637939,35.70514149,LL7.19.16,Lucy,White-tailed,7/19/2016,Trial Pens,July Trial,Swansong,mule deer,ATACCGTCTTTC,,,,,,,,UCSDMI,captivity can alter herbivore gut microbial communities,Carmen_HOWE_KF_4,163051748,Illumina MiSeq,"Illumina EMP protocol 515fbc, 806r amplification of 16S rRNA V4",GT,978215,FWD:GTGYCAGCMGCCGCGGTAA; REV:GGACTACNVGGGTWTCTAAT,Illumina,MB,GTGTGYCAGCMGCCGCGGTAA,62320,4,Echo550,Hayden BSU Herbivore Reruns,10343,UCSDMI,2/12/2021,Hayden_BSU_Herbivore_Reruns_Plate_1-5_w_DHMC_Mills_Plate_2_S1_L001,210212_M05314_0275_000000000_JGYD5,Hayden_BSU_Herbivore_Reruns_Plate_4,Sequencing by synthesis,16S rRNA,V4,NA,NA,NA,RNBJ0628,Hayden_BSU_Herbivore_Reruns_Plate_4_LL7.19.16_H11,H11,July Trial,Lucy
53,12798.LL7.5.16,290,290,0,290,5.872202195,4.811227997,0.981063824,52.80897353,48.03757287,LL7.5.16,Lucy,White-tailed,7/5/2016,Trial Pens,July Trial,Hall,mule deer,AACGATCATAGA,,,,,,,,UCSDMI,captivity can alter herbivore gut microbial communities,Carmen_HOWE_KF_4,163051748,Illumina MiSeq,"Illumina EMP protocol 515fbc, 806r amplification of 16S rRNA V4",GT,978215,FWD:GTGYCAGCMGCCGCGGTAA; REV:GGACTACNVGGGTWTCTAAT,Illumina,MB,GTGTGYCAGCMGCCGCGGTAA,62320,4,Echo550,Hayden BSU Herbivore Reruns,10343,UCSDMI,2/12/2021,Hayden_BSU_Herbivore_Reruns_Plate_1-5_w_DHMC_Mills_Plate_2_S1_L001,210212_M05314_0275_000000000_JGYD5,Hayden_BSU_Herbivore_Reruns_Plate_4,Sequencing by synthesis,16S rRNA,V4,NA,NA,NA,RNBJ0628,Hayden_BSU_Herbivore_Reruns_Plate_4_LL7.5.16_A12,A12,July Trial,Lucy
54,12798.LL8.17.16,179,179,0,179,4.637712786,4.37373299,0.97588509,41.46812029,30.62518553,LL8.17.16,Lucy,White-tailed,8/17/2016,End Pen,End Pen,End Pen (WUF),mule deer,CGCACGTACCTC,,,,,,,,UCSDMI,captivity can alter herbivore gut microbial communities,Carmen_HOWE_KF_4,163051748,Illumina MiSeq,"Illumina EMP protocol 515fbc, 806r amplification of 16S rRNA V4",GT,978215,FWD:GTGYCAGCMGCCGCGGTAA; REV:GGACTACNVGGGTWTCTAAT,Illumina,MB,GTGTGYCAGCMGCCGCGGTAA,62320,4,Echo550,Hayden BSU Herbivore Reruns,10343,UCSDMI,2/12/2021,Hayden_BSU_Herbivore_Reruns_Plate_1-5_w_DHMC_Mills_Plate_2_S1_L001,210212_M05314_0275_000000000_JGYD5,Hayden_BSU_Herbivore_Reruns_Plate_4,Sequencing by synthesis,16S rRNA,V4,NA,NA,NA,RNBJ0628,Hayden_BSU_Herbivore_Reruns_Plate_4_LL8.17.16_D11,D11,End Pen,Lucy
55,12798.LL8.2.16,297,297,0.499157539,297.1445783,5.59751344,4.788702269,0.977433061,44.31261199,49.91833668,LL8.2.16,Lucy,White-tailed,8/2/2016,Trial Pens,August Trial,North Sherman,mule deer,TCATCTTGATTG,,,,,,,,UCSDMI,captivity can alter herbivore gut microbial communities,Carmen_HOWE_KF_4,163051748,Illumina MiSeq,"Illumina EMP protocol 515fbc, 806r amplification of 16S rRNA V4",GT,978215,FWD:GTGYCAGCMGCCGCGGTAA; REV:GGACTACNVGGGTWTCTAAT,Illumina,MB,GTGTGYCAGCMGCCGCGGTAA,62320,4,Echo550,Hayden BSU Herbivore Reruns,10343,UCSDMI,2/12/2021,Hayden_BSU_Herbivore_Reruns_Plate_1-5_w_DHMC_Mills_Plate_2_S1_L001,210212_M05314_0275_000000000_JGYD5,Hayden_BSU_Herbivore_Reruns_Plate_4,Sequencing by synthesis,16S rRNA,V4,NA,NA,NA,RNBJ0628,Hayden_BSU_Herbivore_Reruns_Plate_4_LL8.2.16_B12,B12,August Trial,Lucy
56,12798.LL8.5.16,314,314,0,314,6.265871567,5.004506912,0.986539293,74.29030354,53.94778579,LL8.5.16,Lucy,White-tailed,8/5/2016,Post Transition,Post Transition,PostTransition (WUF),mule deer,GTCAGTATGGCT,,,,,,,,UCSDMI,captivity can alter herbivore gut microbial communities,Carmen_HOWE_KF_4,163051748,Illumina MiSeq,"Illumina EMP protocol 515fbc, 806r amplification of 16S rRNA V4",GT,978215,FWD:GTGYCAGCMGCCGCGGTAA; REV:GGACTACNVGGGTWTCTAAT,Illumina,MB,GTGTGYCAGCMGCCGCGGTAA,62320,4,Echo550,Hayden BSU Herbivore Reruns,10343,UCSDMI,2/12/2021,Hayden_BSU_Herbivore_Reruns_Plate_1-5_w_DHMC_Mills_Plate_2_S1_L001,210212_M05314_0275_000000000_JGYD5,Hayden_BSU_Herbivore_Reruns_Plate_4,Sequencing by synthesis,16S rRNA,V4,NA,NA,NA,RNBJ0628,Hayden_BSU_Herbivore_Reruns_Plate_4_LL8.5.16_C12,C12,Post Transition,Lucy
57,12798.LL8.6.16,116,116,0,116,3.985966763,3.056035934,0.845324928,6.465165885,17.63537723,LL8.6.16,Lucy,White-tailed,8/6/2016,Post Transition,Post Transition,PostTransition (WUF),mule deer,GTCCTCGCGACT,,,,,,,,UCSDMI,captivity can alter herbivore gut microbial communities,Carmen_HOWE_KF_4,163051748,Illumina MiSeq,"Illumina EMP protocol 515fbc, 806r amplification of 16S rRNA V4",GT,978215,FWD:GTGYCAGCMGCCGCGGTAA; REV:GGACTACNVGGGTWTCTAAT,Illumina,MB,GTGTGYCAGCMGCCGCGGTAA,62320,4,Echo550,Hayden BSU Herbivore Reruns,10343,UCSDMI,2/12/2021,Hayden_BSU_Herbivore_Reruns_Plate_1-5_w_DHMC_Mills_Plate_2_S1_L001,210212_M05314_0275_000000000_JGYD5,Hayden_BSU_Herbivore_Reruns_Plate_4,Sequencing by synthesis,16S rRNA,V4,NA,NA,NA,RNBJ0628,Hayden_BSU_Herbivore_Reruns_Plate_4_LL8.6.16_D12,D12,Post Transition,Lucy
58,12798.PP5.20.16,314,314,0,314,6.376709213,4.886282933,0.982336657,56.6144236,54.31620949,PP5.20.16,Piper,White-tailed,5/20/2016,Start Pen,Start Pen,Start Pen (WUF),mule deer,CGTTCGCTAGCC,,,,,,,,UCSDMI,captivity can alter herbivore gut microbial communities,Carmen_HOWE_KF_4,163051748,Illumina MiSeq,"Illumina EMP protocol 515fbc, 806r amplification of 16S rRNA V4",GT,978215,FWD:GTGYCAGCMGCCGCGGTAA; REV:GGACTACNVGGGTWTCTAAT,Illumina,MB,GTGTGYCAGCMGCCGCGGTAA,62320,4,Echo550,Hayden BSU Herbivore Reruns,10343,UCSDMI,2/12/2021,Hayden_BSU_Herbivore_Reruns_Plate_1-5_w_DHMC_Mills_Plate_2_S1_L001,210212_M05314_0275_000000000_JGYD5,Hayden_BSU_Herbivore_Reruns_Plate_4,Sequencing by synthesis,16S rRNA,V4,NA,NA,NA,RNBJ0628,Hayden_BSU_Herbivore_Reruns_Plate_4_PP5.20.16_E12,E12,Start Pen,Piper
59,12798.PP6.14.16,187,187,0,187,5.213105657,4.489664896,0.980347628,50.88444409,31.55257332,PP6.14.16,Piper,White-tailed,6/14/2016,Trial Pens,June Trial,Sand Creek,mule deer,TGCCTGCTCGAC,,,,,,,,UCSDMI,captivity can alter herbivore gut microbial communities,Carmen_HOWE_KF_4,163051748,Illumina MiSeq,"Illumina EMP protocol 515fbc, 806r amplification of 16S rRNA V4",GT,978215,FWD:GTGYCAGCMGCCGCGGTAA; REV:GGACTACNVGGGTWTCTAAT,Illumina,MB,GTGTGYCAGCMGCCGCGGTAA,62320,4,Echo550,Hayden BSU Herbivore Reruns,10343,UCSDMI,2/12/2021,Hayden_BSU_Herbivore_Reruns_Plate_1-5_w_DHMC_Mills_Plate_2_S1_L001,210212_M05314_0275_000000000_JGYD5,Hayden_BSU_Herbivore_Reruns_Plate_4,Sequencing by synthesis,16S rRNA,V4,NA,NA,NA,RNBJ0628,Hayden_BSU_Herbivore_Reruns_Plate_4_PP6.14.16_F12,F12,June Trial,Piper
60,12798.PP6.17.16,139,139,0,139,4.456020097,4.286516993,0.97635949,42.30027178,24.22045541,PP6.17.16,Piper,White-tailed,6/17/2016,Trial Pens,June Trial,Sand Creek,mule deer,TCTTACCCATAA,,,,,,,,UCSDMI,captivity can alter herbivore gut microbial communities,Carmen_HOWE_KF_4,163051748,Illumina MiSeq,"Illumina EMP protocol 515fbc, 806r amplification of 16S rRNA V4",GT,978215,FWD:GTGYCAGCMGCCGCGGTAA; REV:GGACTACNVGGGTWTCTAAT,Illumina,MB,GTGTGYCAGCMGCCGCGGTAA,62320,4,Echo550,Hayden BSU Herbivore Reruns,10343,UCSDMI,2/12/2021,Hayden_BSU_Herbivore_Reruns_Plate_1-5_w_DHMC_Mills_Plate_2_S1_L001,210212_M05314_0275_000000000_JGYD5,Hayden_BSU_Herbivore_Reruns_Plate_4,Sequencing by synthesis,16S rRNA,V4,NA,NA,NA,RNBJ0628,Hayden_BSU_Herbivore_Reruns_Plate_4_PP6.17.16_G12,G12,June Trial,Piper
61,12798.PP6.2.16,250,250,0,250,5.551216083,4.704250079,0.982405234,56.83508541,40.37416994,PP6.2.16,Piper,White-tailed,6/2/2016,Pre Transition,Pre Transition,PreTransition (Malo),mule deer,TGTGCTTGTAGG,,,,,,,,UCSDMI,captivity can alter herbivore gut microbial communities,Carmen_HOWE_KF_4,163051748,Illumina MiSeq,"Illumina EMP protocol 515fbc, 806r amplification of 16S rRNA V4",GT,978215,FWD:GTGYCAGCMGCCGCGGTAA; REV:GGACTACNVGGGTWTCTAAT,Illumina,MB,GTGTGYCAGCMGCCGCGGTAA,62320,4,Echo550,Hayden BSU Herbivore Reruns,10343,UCSDMI,2/12/2021,Hayden_BSU_Herbivore_Reruns_Plate_1-5_w_DHMC_Mills_Plate_2_S1_L001,210212_M05314_0275_000000000_JGYD5,Hayden_BSU_Herbivore_Reruns_Plate_4,Sequencing by synthesis,16S rRNA,V4,NA,NA,NA,RNBJ0628,Hayden_BSU_Herbivore_Reruns_Plate_4_PP6.2.16_H12,H12,Pre Transition,Piper
62,12798.PP6.23.16,196,196,0,196,5.040651076,4.278136083,0.965937854,29.35810285,32.59392235,PP6.23.16,Piper,White-tailed,6/23/2016,Trial Pens,June Trial,Deadman,mule deer,ATGTTAGGGAAT,,,,,,,,UCSDMI,captivity can alter herbivore gut microbial communities,Carmen_HOWE_KF_3,166015887,Illumina MiSeq,"Illumina EMP protocol 515fbc, 806r amplification of 16S rRNA V4",GT,978215,FWD:GTGYCAGCMGCCGCGGTAA; REV:GGACTACNVGGGTWTCTAAT,Illumina,MB,GTGTGYCAGCMGCCGCGGTAA,20121,5,Echo550,Hayden BSU Herbivore Reruns,10343,UCSDMI,2/12/2021,Hayden_BSU_Herbivore_Reruns_Plate_1-5_w_DHMC_Mills_Plate_2_S1_L001,210212_M05314_0275_000000000_JGYD5,Hayden_BSU_Herbivore_Reruns_Plate_5,Sequencing by synthesis,16S rRNA,V4,NA,NA,NA,RNBJ0628,Hayden_BSU_Herbivore_Reruns_Plate_5_PP6.23.16_A1,A1,June Trial,Piper
63,12798.PP7.19.16,89,89,0,89,3.531559162,3.736074458,0.947864037,19.18061833,15.54393592,PP7.19.16,Piper,White-tailed,7/19/2016,Trial Pens,July Trial,Swansong,mule deer,AAGTGGCTATCC,,,,,,,,UCSDMI,captivity can alter herbivore gut microbial communities,Carmen_HOWE_KF_3,166015887,Illumina MiSeq,"Illumina EMP protocol 515fbc, 806r amplification of 16S rRNA V4",GT,978215,FWD:GTGYCAGCMGCCGCGGTAA; REV:GGACTACNVGGGTWTCTAAT,Illumina,MB,GTGTGYCAGCMGCCGCGGTAA,20121,5,Echo550,Hayden BSU Herbivore Reruns,10343,UCSDMI,2/12/2021,Hayden_BSU_Herbivore_Reruns_Plate_1-5_w_DHMC_Mills_Plate_2_S1_L001,210212_M05314_0275_000000000_JGYD5,Hayden_BSU_Herbivore_Reruns_Plate_5,Sequencing by synthesis,16S rRNA,V4,NA,NA,NA,RNBJ0628,Hayden_BSU_Herbivore_Reruns_Plate_5_PP7.19.16_B1,B1,July Trial,Piper
64,12798.PP7.5.16,105,105,0,105,3.944858015,3.72873506,0.94289348,17.51113532,17.81266188,PP7.5.16,Piper,White-tailed,7/5/2016,Trial Pens,July Trial,Hall,mule deer,GTCGTTACCCGC,,,,,,,,UCSDMI,captivity can alter herbivore gut microbial communities,Carmen_HOWE_KF_3,166015887,Illumina MiSeq,"Illumina EMP protocol 515fbc, 806r amplification of 16S rRNA V4",GT,978215,FWD:GTGYCAGCMGCCGCGGTAA; REV:GGACTACNVGGGTWTCTAAT,Illumina,MB,GTGTGYCAGCMGCCGCGGTAA,20121,5,Echo550,Hayden BSU Herbivore Reruns,10343,UCSDMI,2/12/2021,Hayden_BSU_Herbivore_Reruns_Plate_1-5_w_DHMC_Mills_Plate_2_S1_L001,210212_M05314_0275_000000000_JGYD5,Hayden_BSU_Herbivore_Reruns_Plate_5,Sequencing by synthesis,16S rRNA,V4,NA,NA,NA,RNBJ0628,Hayden_BSU_Herbivore_Reruns_Plate_5_PP7.5.16_C1,C1,July Trial,Piper
65,12798.PP8.12.16,328,328,0,328,6.17232217,4.944193485,0.982916602,58.53636434,52.88376511,PP8.12.16,Piper,White-tailed,8/12/2016,End Pen,End Pen,End Pen (WUF),mule deer,AGTATATGTTTC,,,,,,,,UCSDMI,captivity can alter herbivore gut microbial communities,Carmen_HOWE_KF_3,166015887,Illumina MiSeq,"Illumina EMP protocol 515fbc, 806r amplification of 16S rRNA V4",GT,978215,FWD:GTGYCAGCMGCCGCGGTAA; REV:GGACTACNVGGGTWTCTAAT,Illumina,MB,GTGTGYCAGCMGCCGCGGTAA,20121,5,Echo550,Hayden BSU Herbivore Reruns,10343,UCSDMI,2/12/2021,Hayden_BSU_Herbivore_Reruns_Plate_1-5_w_DHMC_Mills_Plate_2_S1_L001,210212_M05314_0275_000000000_JGYD5,Hayden_BSU_Herbivore_Reruns_Plate_5,Sequencing by synthesis,16S rRNA,V4,NA,NA,NA,RNBJ0628,Hayden_BSU_Herbivore_Reruns_Plate_5_PP8.12.16_D1,D1,End Pen,Piper
66,12798.PP8.17.16,181,181,0,181,4.641870456,4.455577148,0.976620873,42.77319611,30.25374918,PP8.17.16,Piper,White-tailed,8/17/2016,End Pen,End Pen,End Pen (WUF),mule deer,GGCTCGTCGGAG,,,,,,,,UCSDMI,captivity can alter herbivore gut microbial communities,Carmen_HOWE_KF_3,166015887,Illumina MiSeq,"Illumina EMP protocol 515fbc, 806r amplification of 16S rRNA V4",GT,978215,FWD:GTGYCAGCMGCCGCGGTAA; REV:GGACTACNVGGGTWTCTAAT,Illumina,MB,GTGTGYCAGCMGCCGCGGTAA,20121,5,Echo550,Hayden BSU Herbivore Reruns,10343,UCSDMI,2/12/2021,Hayden_BSU_Herbivore_Reruns_Plate_1-5_w_DHMC_Mills_Plate_2_S1_L001,210212_M05314_0275_000000000_JGYD5,Hayden_BSU_Herbivore_Reruns_Plate_5,Sequencing by synthesis,16S rRNA,V4,NA,NA,NA,RNBJ0628,Hayden_BSU_Herbivore_Reruns_Plate_5_PP8.17.16_E1,E1,End Pen,Piper
67,12798.PP8.2.16,124,124,0,124,4.713569978,4.068224896,0.964027294,27.79885366,23.18434874,PP8.2.16,Piper,White-tailed,8/2/2016,Trial Pens,August Trial,North Sherman,mule deer,GACATCTGACAC,,,,,,,,UCSDMI,captivity can alter herbivore gut microbial communities,Carmen_HOWE_KF_3,166015887,Illumina MiSeq,"Illumina EMP protocol 515fbc, 806r amplification of 16S rRNA V4",GT,978215,FWD:GTGYCAGCMGCCGCGGTAA; REV:GGACTACNVGGGTWTCTAAT,Illumina,MB,GTGTGYCAGCMGCCGCGGTAA,20121,5,Echo550,Hayden BSU Herbivore Reruns,10343,UCSDMI,2/12/2021,Hayden_BSU_Herbivore_Reruns_Plate_1-5_w_DHMC_Mills_Plate_2_S1_L001,210212_M05314_0275_000000000_JGYD5,Hayden_BSU_Herbivore_Reruns_Plate_5,Sequencing by synthesis,16S rRNA,V4,NA,NA,NA,RNBJ0628,Hayden_BSU_Herbivore_Reruns_Plate_5_PP8.2.16_F1,F1,August Trial,Piper
68,12798.PP8.5.16,177,177,0,177,4.709648709,4.514298498,0.979564524,48.93451073,30.81407511,PP8.5.16,Piper,White-tailed,8/5/2016,Post Transition,Post Transition,PostTransition (WUF),mule deer,AATTTCCTAACA,,,,,,,,UCSDMI,captivity can alter herbivore gut microbial communities,Carmen_HOWE_KF_3,166015887,Illumina MiSeq,"Illumina EMP protocol 515fbc, 806r amplification of 16S rRNA V4",GT,978215,FWD:GTGYCAGCMGCCGCGGTAA; REV:GGACTACNVGGGTWTCTAAT,Illumina,MB,GTGTGYCAGCMGCCGCGGTAA,20121,5,Echo550,Hayden BSU Herbivore Reruns,10343,UCSDMI,2/12/2021,Hayden_BSU_Herbivore_Reruns_Plate_1-5_w_DHMC_Mills_Plate_2_S1_L001,210212_M05314_0275_000000000_JGYD5,Hayden_BSU_Herbivore_Reruns_Plate_5,Sequencing by synthesis,16S rRNA,V4,NA,NA,NA,RNBJ0628,Hayden_BSU_Herbivore_Reruns_Plate_5_PP8.5.16_G1,G1,Post Transition,Piper
69,12798.PP8.6.16,147,147,0,147,5.552470799,3.874819888,0.95174658,20.72391958,24.64551565,PP8.6.16,Piper,White-tailed,8/6/2016,Post Transition,Post Transition,PostTransition (WUF),mule deer,ATAAACGGACAT,,,,,,,,UCSDMI,captivity can alter herbivore gut microbial communities,Carmen_HOWE_KF_3,166015887,Illumina MiSeq,"Illumina EMP protocol 515fbc, 806r amplification of 16S rRNA V4",GT,978215,FWD:GTGYCAGCMGCCGCGGTAA; REV:GGACTACNVGGGTWTCTAAT,Illumina,MB,GTGTGYCAGCMGCCGCGGTAA,20121,5,Echo550,Hayden BSU Herbivore Reruns,10343,UCSDMI,2/12/2021,Hayden_BSU_Herbivore_Reruns_Plate_1-5_w_DHMC_Mills_Plate_2_S1_L001,210212_M05314_0275_000000000_JGYD5,Hayden_BSU_Herbivore_Reruns_Plate_5,Sequencing by synthesis,16S rRNA,V4,NA,NA,NA,RNBJ0628,Hayden_BSU_Herbivore_Reruns_Plate_5_PP8.6.16_H1,H1,Post Transition,Piper
70,12798.SH5.20.16,336,336,0,336,6.123481347,4.868329672,0.979703034,49.26844765,56.3201346,SH5.20.16,Shasta,Mule Deer,5/20/2016,Start Pen,Start Pen,Start Pen (WUF),mule deer,GCTAGTTATGGA,,,,,,,,UCSDMI,captivity can alter herbivore gut microbial communities,Carmen_HOWE_KF_3,166015887,Illumina MiSeq,"Illumina EMP protocol 515fbc, 806r amplification of 16S rRNA V4",GT,978215,FWD:GTGYCAGCMGCCGCGGTAA; REV:GGACTACNVGGGTWTCTAAT,Illumina,MB,GTGTGYCAGCMGCCGCGGTAA,20121,5,Echo550,Hayden BSU Herbivore Reruns,10343,UCSDMI,2/12/2021,Hayden_BSU_Herbivore_Reruns_Plate_1-5_w_DHMC_Mills_Plate_2_S1_L001,210212_M05314_0275_000000000_JGYD5,Hayden_BSU_Herbivore_Reruns_Plate_5,Sequencing by synthesis,16S rRNA,V4,NA,NA,NA,RNBJ0628,Hayden_BSU_Herbivore_Reruns_Plate_5_SH5.20.16_A2,A2,Start Pen,Shasta
71,12798.SH6.2.16,311,311,0,311,6.424931343,4.968104011,0.984917573,66.30232826,55.15274022,SH6.2.16,Shasta,Mule Deer,6/2/2016,Pre Transition,Pre Transition,PreTransition (Malo),mule deer,ACTAGTTGGACC,,,,,,,,UCSDMI,captivity can alter herbivore gut microbial communities,Carmen_HOWE_KF_3,166015887,Illumina MiSeq,"Illumina EMP protocol 515fbc, 806r amplification of 16S rRNA V4",GT,978215,FWD:GTGYCAGCMGCCGCGGTAA; REV:GGACTACNVGGGTWTCTAAT,Illumina,MB,GTGTGYCAGCMGCCGCGGTAA,20121,5,Echo550,Hayden BSU Herbivore Reruns,10343,UCSDMI,2/12/2021,Hayden_BSU_Herbivore_Reruns_Plate_1-5_w_DHMC_Mills_Plate_2_S1_L001,210212_M05314_0275_000000000_JGYD5,Hayden_BSU_Herbivore_Reruns_Plate_5,Sequencing by synthesis,16S rRNA,V4,NA,NA,NA,RNBJ0628,Hayden_BSU_Herbivore_Reruns_Plate_5_SH6.2.16_B2,B2,Pre Transition,Shasta
72,12798.SH6.25.16,192,192,0,192,5.465326309,4.233273119,0.966141401,29.53459453,31.96531235,SH6.25.16,Shasta,Mule Deer,6/25/2016,Trial Pens,June Trial,Deadman,mule deer,CGCAAGCCCGCG,,,,,,,,UCSDMI,captivity can alter herbivore gut microbial communities,Carmen_HOWE_KF_3,166015887,Illumina MiSeq,"Illumina EMP protocol 515fbc, 806r amplification of 16S rRNA V4",GT,978215,FWD:GTGYCAGCMGCCGCGGTAA; REV:GGACTACNVGGGTWTCTAAT,Illumina,MB,GTGTGYCAGCMGCCGCGGTAA,20121,5,Echo550,Hayden BSU Herbivore Reruns,10343,UCSDMI,2/12/2021,Hayden_BSU_Herbivore_Reruns_Plate_1-5_w_DHMC_Mills_Plate_2_S1_L001,210212_M05314_0275_000000000_JGYD5,Hayden_BSU_Herbivore_Reruns_Plate_5,Sequencing by synthesis,16S rRNA,V4,NA,NA,NA,RNBJ0628,Hayden_BSU_Herbivore_Reruns_Plate_5_SH6.25.16_C2,C2,June Trial,Shasta
73,12798.SH7.19.16,232,232,0,232,4.804810808,4.672863772,0.978299465,46.08181349,39.88827257,SH7.19.16,Shasta,Mule Deer,7/16/2016,Trial Pens,July Trial,Swansong,mule deer,AGAGCGGAACAA,,,,,,,,UCSDMI,captivity can alter herbivore gut microbial communities,Carmen_HOWE_KF_3,166015887,Illumina MiSeq,"Illumina EMP protocol 515fbc, 806r amplification of 16S rRNA V4",GT,978215,FWD:GTGYCAGCMGCCGCGGTAA; REV:GGACTACNVGGGTWTCTAAT,Illumina,MB,GTGTGYCAGCMGCCGCGGTAA,20121,5,Echo550,Hayden BSU Herbivore Reruns,10343,UCSDMI,2/12/2021,Hayden_BSU_Herbivore_Reruns_Plate_1-5_w_DHMC_Mills_Plate_2_S1_L001,210212_M05314_0275_000000000_JGYD5,Hayden_BSU_Herbivore_Reruns_Plate_5,Sequencing by synthesis,16S rRNA,V4,NA,NA,NA,RNBJ0628,Hayden_BSU_Herbivore_Reruns_Plate_5_SH7.19.16_D2,D2,July Trial,Shasta
74,12798.SH7.5.16,123,123,0,123,4.173084488,3.78200218,0.940695221,16.86204736,21.54475116,SH7.5.16,Shasta,Mule Deer,7/5/2016,Trial Pens,July Trial,Hall,mule deer,ACATGGGCGGAA,,,,,,,,UCSDMI,captivity can alter herbivore gut microbial communities,Carmen_HOWE_KF_3,166015887,Illumina MiSeq,"Illumina EMP protocol 515fbc, 806r amplification of 16S rRNA V4",GT,978215,FWD:GTGYCAGCMGCCGCGGTAA; REV:GGACTACNVGGGTWTCTAAT,Illumina,MB,GTGTGYCAGCMGCCGCGGTAA,20121,5,Echo550,Hayden BSU Herbivore Reruns,10343,UCSDMI,2/12/2021,Hayden_BSU_Herbivore_Reruns_Plate_1-5_w_DHMC_Mills_Plate_2_S1_L001,210212_M05314_0275_000000000_JGYD5,Hayden_BSU_Herbivore_Reruns_Plate_5,Sequencing by synthesis,16S rRNA,V4,NA,NA,NA,RNBJ0628,Hayden_BSU_Herbivore_Reruns_Plate_5_SH7.5.16_E2,E2,July Trial,Shasta
75,12798.SH8.12.16,264,264,0,264,5.509977176,4.547758214,0.966047247,29.45269296,42.80375559,SH8.12.16,Shasta,Mule Deer,8/12/2016,End Pen,End Pen,End Pen (WUF),mule deer,CTGCGGATATAC,,,,,,,,UCSDMI,captivity can alter herbivore gut microbial communities,Carmen_HOWE_KF_3,166015887,Illumina MiSeq,"Illumina EMP protocol 515fbc, 806r amplification of 16S rRNA V4",GT,978215,FWD:GTGYCAGCMGCCGCGGTAA; REV:GGACTACNVGGGTWTCTAAT,Illumina,MB,GTGTGYCAGCMGCCGCGGTAA,20121,5,Echo550,Hayden BSU Herbivore Reruns,10343,UCSDMI,2/12/2021,Hayden_BSU_Herbivore_Reruns_Plate_1-5_w_DHMC_Mills_Plate_2_S1_L001,210212_M05314_0275_000000000_JGYD5,Hayden_BSU_Herbivore_Reruns_Plate_5,Sequencing by synthesis,16S rRNA,V4,NA,NA,NA,RNBJ0628,Hayden_BSU_Herbivore_Reruns_Plate_5_SH8.12.16_F2,F2,End Pen,Shasta
76,12798.SH8.17.16,262,262,0,262,6.158219233,4.677273107,0.979786703,49.47238358,44.21407419,SH8.17.16,Shasta,Mule Deer,8/17/2016,End Pen,End Pen,End Pen (WUF),mule deer,GTGAGGGCAAGT,,,,,,,,UCSDMI,captivity can alter herbivore gut microbial communities,Carmen_HOWE_KF_3,166015887,Illumina MiSeq,"Illumina EMP protocol 515fbc, 806r amplification of 16S rRNA V4",GT,978215,FWD:GTGYCAGCMGCCGCGGTAA; REV:GGACTACNVGGGTWTCTAAT,Illumina,MB,GTGTGYCAGCMGCCGCGGTAA,20121,5,Echo550,Hayden BSU Herbivore Reruns,10343,UCSDMI,2/12/2021,Hayden_BSU_Herbivore_Reruns_Plate_1-5_w_DHMC_Mills_Plate_2_S1_L001,210212_M05314_0275_000000000_JGYD5,Hayden_BSU_Herbivore_Reruns_Plate_5,Sequencing by synthesis,16S rRNA,V4,NA,NA,NA,RNBJ0628,Hayden_BSU_Herbivore_Reruns_Plate_5_SH8.17.16_G2,G2,End Pen,Shasta
77,12798.SH8.5.16,134,134,0.249065417,134.181575,4.480013739,4.01936891,0.95714887,23.33660737,24.18072776,SH8.5.16,Shasta,Mule Deer,8/5/2016,Post Transition,Post Transition,PostTransition (WUF),mule deer,ATATTGGCAGCC,,,,,,,,UCSDMI,captivity can alter herbivore gut microbial communities,Carmen_HOWE_KF_3,166015887,Illumina MiSeq,"Illumina EMP protocol 515fbc, 806r amplification of 16S rRNA V4",GT,978215,FWD:GTGYCAGCMGCCGCGGTAA; REV:GGACTACNVGGGTWTCTAAT,Illumina,MB,GTGTGYCAGCMGCCGCGGTAA,20121,5,Echo550,Hayden BSU Herbivore Reruns,10343,UCSDMI,2/12/2021,Hayden_BSU_Herbivore_Reruns_Plate_1-5_w_DHMC_Mills_Plate_2_S1_L001,210212_M05314_0275_000000000_JGYD5,Hayden_BSU_Herbivore_Reruns_Plate_5,Sequencing by synthesis,16S rRNA,V4,NA,NA,NA,RNBJ0628,Hayden_BSU_Herbivore_Reruns_Plate_5_SH8.5.16_H2,H2,Post Transition,Shasta
78,12798.SH8.6.16,281,281,0,281,6.308780527,4.725736452,0.977809788,45.0649149,47.53668542,SH8.6.16,Shasta,Mule Deer,8/6/2016,Post Transition,Post Transition,PostTransition (WUF),mule deer,TCATCCGTCGGC,,,,,,,,UCSDMI,captivity can alter herbivore gut microbial communities,Carmen_HOWE_KF_3,166015887,Illumina MiSeq,"Illumina EMP protocol 515fbc, 806r amplification of 16S rRNA V4",GT,978215,FWD:GTGYCAGCMGCCGCGGTAA; REV:GGACTACNVGGGTWTCTAAT,Illumina,MB,GTGTGYCAGCMGCCGCGGTAA,20121,5,Echo550,Hayden BSU Herbivore Reruns,10343,UCSDMI,2/12/2021,Hayden_BSU_Herbivore_Reruns_Plate_1-5_w_DHMC_Mills_Plate_2_S1_L001,210212_M05314_0275_000000000_JGYD5,Hayden_BSU_Herbivore_Reruns_Plate_5,Sequencing by synthesis,16S rRNA,V4,NA,NA,NA,RNBJ0628,Hayden_BSU_Herbivore_Reruns_Plate_5_SH8.6.16_A3,A3,Post Transition,Shasta
79,12798.TR5.20.16,256,256,0,256,5.925316447,4.902239053,0.986697422,75.17339833,46.19066513,TR5.20.16,Trixie,White-tailed,5/20/2016,Start Pen,Start Pen,Start Pen (WUF),mule deer,TCCGCTGCTGAC,,,,,,,,UCSDMI,captivity can alter herbivore gut microbial communities,Carmen_HOWE_KF_3,166015887,Illumina MiSeq,"Illumina EMP protocol 515fbc, 806r amplification of 16S rRNA V4",GT,978215,FWD:GTGYCAGCMGCCGCGGTAA; REV:GGACTACNVGGGTWTCTAAT,Illumina,MB,GTGTGYCAGCMGCCGCGGTAA,20121,5,Echo550,Hayden BSU Herbivore Reruns,10343,UCSDMI,2/12/2021,Hayden_BSU_Herbivore_Reruns_Plate_1-5_w_DHMC_Mills_Plate_2_S1_L001,210212_M05314_0275_000000000_JGYD5,Hayden_BSU_Herbivore_Reruns_Plate_5,Sequencing by synthesis,16S rRNA,V4,NA,NA,NA,RNBJ0628,Hayden_BSU_Herbivore_Reruns_Plate_5_TR5.20.16_D3,D3,Start Pen,Trixie
80,12798.TR6.17.16,157,157,0,157,5.161098979,4.372935304,0.978737571,47.03131491,28.41615103,TR6.17.16,Trixie,White-tailed,6/17/2016,Trial Pens,June Trial,Sand Creek,mule deer,TGCGCGCCTTCC,,,,,,,,UCSDMI,captivity can alter herbivore gut microbial communities,Carmen_HOWE_KF_3,166015887,Illumina MiSeq,"Illumina EMP protocol 515fbc, 806r amplification of 16S rRNA V4",GT,978215,FWD:GTGYCAGCMGCCGCGGTAA; REV:GGACTACNVGGGTWTCTAAT,Illumina,MB,GTGTGYCAGCMGCCGCGGTAA,20121,5,Echo550,Hayden BSU Herbivore Reruns,10343,UCSDMI,2/12/2021,Hayden_BSU_Herbivore_Reruns_Plate_1-5_w_DHMC_Mills_Plate_2_S1_L001,210212_M05314_0275_000000000_JGYD5,Hayden_BSU_Herbivore_Reruns_Plate_5,Sequencing by synthesis,16S rRNA,V4,NA,NA,NA,RNBJ0628,Hayden_BSU_Herbivore_Reruns_Plate_5_TR6.17.16_E3,E3,June Trial,Trixie
81,12798.TR6.2.16,117,117,0,117,4.557327152,4.16219479,0.974207248,38.77058192,21.50217794,TR6.2.16,Trixie,White-tailed,6/2/2016,Pre Transition,Pre Transition,PreTransition (Malo),mule deer,GCGCACACCTTC,,,,,,,,UCSDMI,captivity can alter herbivore gut microbial communities,Carmen_HOWE_KF_3,166015887,Illumina MiSeq,"Illumina EMP protocol 515fbc, 806r amplification of 16S rRNA V4",GT,978215,FWD:GTGYCAGCMGCCGCGGTAA; REV:GGACTACNVGGGTWTCTAAT,Illumina,MB,GTGTGYCAGCMGCCGCGGTAA,20121,5,Echo550,Hayden BSU Herbivore Reruns,10343,UCSDMI,2/12/2021,Hayden_BSU_Herbivore_Reruns_Plate_1-5_w_DHMC_Mills_Plate_2_S1_L001,210212_M05314_0275_000000000_JGYD5,Hayden_BSU_Herbivore_Reruns_Plate_5,Sequencing by synthesis,16S rRNA,V4,NA,NA,NA,RNBJ0628,Hayden_BSU_Herbivore_Reruns_Plate_5_TR6.2.16_F3,F3,Pre Transition,Trixie
82,12798.TR6.23.16,168,168,0,168,4.372533318,4.374599129,0.97457248,39.32746925,28.44996197,TR6.23.16,Trixie,White-tailed,6/23/2016,Trial Pens,June Trial,Deadman,mule deer,CACGAAAGCAGG,,,,,,,,UCSDMI,captivity can alter herbivore gut microbial communities,Carmen_HOWE_KF_3,166015887,Illumina MiSeq,"Illumina EMP protocol 515fbc, 806r amplification of 16S rRNA V4",GT,978215,FWD:GTGYCAGCMGCCGCGGTAA; REV:GGACTACNVGGGTWTCTAAT,Illumina,MB,GTGTGYCAGCMGCCGCGGTAA,20121,5,Echo550,Hayden BSU Herbivore Reruns,10343,UCSDMI,2/12/2021,Hayden_BSU_Herbivore_Reruns_Plate_1-5_w_DHMC_Mills_Plate_2_S1_L001,210212_M05314_0275_000000000_JGYD5,Hayden_BSU_Herbivore_Reruns_Plate_5,Sequencing by synthesis,16S rRNA,V4,NA,NA,NA,RNBJ0628,Hayden_BSU_Herbivore_Reruns_Plate_5_TR6.23.16_G3,G3,June Trial,Trixie
83,12798.TR7.5.16,79,79,0,79,3.926540655,3.524169534,0.934746553,15.324861,14.78623604,TR7.5.16,Trixie,White-tailed,7/5/2016,Trial Pens,July Trial,Hall,mule deer,CGTGGCTTTCCG,,,,,,,,UCSDMI,captivity can alter herbivore gut microbial communities,Carmen_HOWE_KF_3,166015887,Illumina MiSeq,"Illumina EMP protocol 515fbc, 806r amplification of 16S rRNA V4",GT,978215,FWD:GTGYCAGCMGCCGCGGTAA; REV:GGACTACNVGGGTWTCTAAT,Illumina,MB,GTGTGYCAGCMGCCGCGGTAA,20121,5,Echo550,Hayden BSU Herbivore Reruns,10343,UCSDMI,2/12/2021,Hayden_BSU_Herbivore_Reruns_Plate_1-5_w_DHMC_Mills_Plate_2_S1_L001,210212_M05314_0275_000000000_JGYD5,Hayden_BSU_Herbivore_Reruns_Plate_5,Sequencing by synthesis,16S rRNA,V4,NA,NA,NA,RNBJ0628,Hayden_BSU_Herbivore_Reruns_Plate_5_TR7.5.16_H3,H3,July Trial,Trixie
84,12798.TR8.12.16,357,357,0,357,7.111753006,5.002505279,0.984949007,66.44079978,58.67506359,TR8.12.16,Trixie,White-tailed,8/12/2016,End Pen,End Pen,End Pen (WUF),mule deer,ATTTGGCTCTTA,,,,,,,,UCSDMI,captivity can alter herbivore gut microbial communities,Carmen_HOWE_KF_3,166015887,Illumina MiSeq,"Illumina EMP protocol 515fbc, 806r amplification of 16S rRNA V4",GT,978215,FWD:GTGYCAGCMGCCGCGGTAA; REV:GGACTACNVGGGTWTCTAAT,Illumina,MB,GTGTGYCAGCMGCCGCGGTAA,20121,5,Echo550,Hayden BSU Herbivore Reruns,10343,UCSDMI,2/12/2021,Hayden_BSU_Herbivore_Reruns_Plate_1-5_w_DHMC_Mills_Plate_2_S1_L001,210212_M05314_0275_000000000_JGYD5,Hayden_BSU_Herbivore_Reruns_Plate_5,Sequencing by synthesis,16S rRNA,V4,NA,NA,NA,RNBJ0628,Hayden_BSU_Herbivore_Reruns_Plate_5_TR8.12.16_A4,A4,End Pen,Trixie
85,12798.TR8.17.16,246,246.5,1.298159487,246.2938144,6.580680492,4.974959498,0.988514148,87.06363182,47.8720597,TR8.17.16,Trixie,White-tailed,8/17/2016,End Pen,End Pen,End Pen (WUF),mule deer,CGCGTCAAACTA,,,,,,,,UCSDMI,captivity can alter herbivore gut microbial communities,Carmen_HOWE_KF_3,166015887,Illumina MiSeq,"Illumina EMP protocol 515fbc, 806r amplification of 16S rRNA V4",GT,978215,FWD:GTGYCAGCMGCCGCGGTAA; REV:GGACTACNVGGGTWTCTAAT,Illumina,MB,GTGTGYCAGCMGCCGCGGTAA,20121,5,Echo550,Hayden BSU Herbivore Reruns,10343,UCSDMI,2/12/2021,Hayden_BSU_Herbivore_Reruns_Plate_1-5_w_DHMC_Mills_Plate_2_S1_L001,210212_M05314_0275_000000000_JGYD5,Hayden_BSU_Herbivore_Reruns_Plate_5,Sequencing by synthesis,16S rRNA,V4,NA,NA,NA,RNBJ0628,Hayden_BSU_Herbivore_Reruns_Plate_5_TR8.17.16_B4,B4,End Pen,Trixie
86,12798.TR8.2.16,137,137,0,137,4.297342584,4.171806999,0.967697157,30.95702796,25.1029049,TR8.2.16,Trixie,White-tailed,8/2/2016,Trial Pens,August Trial,Swansong,mule deer,ATGTTCCTCATC,,,,,,,,UCSDMI,captivity can alter herbivore gut microbial communities,Carmen_HOWE_KF_3,166015887,Illumina MiSeq,"Illumina EMP protocol 515fbc, 806r amplification of 16S rRNA V4",GT,978215,FWD:GTGYCAGCMGCCGCGGTAA; REV:GGACTACNVGGGTWTCTAAT,Illumina,MB,GTGTGYCAGCMGCCGCGGTAA,20121,5,Echo550,Hayden BSU Herbivore Reruns,10343,UCSDMI,2/12/2021,Hayden_BSU_Herbivore_Reruns_Plate_1-5_w_DHMC_Mills_Plate_2_S1_L001,210212_M05314_0275_000000000_JGYD5,Hayden_BSU_Herbivore_Reruns_Plate_5,Sequencing by synthesis,16S rRNA,V4,NA,NA,NA,RNBJ0628,Hayden_BSU_Herbivore_Reruns_Plate_5_TR8.2.16_C4,C4,August Trial,Trixie
87,12798.TR8.5.16,237,237,0,237,5.985918779,4.741503574,0.983282276,59.81675434,40.3668973,TR8.5.16,Trixie,White-tailed,8/5/2016,Post Transition,Post Transition,PostTransition (WUF),mule deer,TCCGTGGTATAG,,,,,,,,UCSDMI,captivity can alter herbivore gut microbial communities,Carmen_HOWE_KF_3,166015887,Illumina MiSeq,"Illumina EMP protocol 515fbc, 806r amplification of 16S rRNA V4",GT,978215,FWD:GTGYCAGCMGCCGCGGTAA; REV:GGACTACNVGGGTWTCTAAT,Illumina,MB,GTGTGYCAGCMGCCGCGGTAA,20121,5,Echo550,Hayden BSU Herbivore Reruns,10343,UCSDMI,2/12/2021,Hayden_BSU_Herbivore_Reruns_Plate_1-5_w_DHMC_Mills_Plate_2_S1_L001,210212_M05314_0275_000000000_JGYD5,Hayden_BSU_Herbivore_Reruns_Plate_5,Sequencing by synthesis,16S rRNA,V4,NA,NA,NA,RNBJ0628,Hayden_BSU_Herbivore_Reruns_Plate_5_TR8.5.16_D4,D4,Post Transition,Trixie
88,12798.TR8.6.16,301,301,0,301,6.011616661,4.935126231,0.985683568,69.84980826,50.46556301,TR8.6.16,Trixie,White-tailed,8/6/2016,Post Transition,Post Transition,PostTransition (WUF),mule deer,GTTGGTTGGCAT,,,,,,,,UCSDMI,captivity can alter herbivore gut microbial communities,Carmen_HOWE_KF_3,166015887,Illumina MiSeq,"Illumina EMP protocol 515fbc, 806r amplification of 16S rRNA V4",GT,978215,FWD:GTGYCAGCMGCCGCGGTAA; REV:GGACTACNVGGGTWTCTAAT,Illumina,MB,GTGTGYCAGCMGCCGCGGTAA,20121,5,Echo550,Hayden BSU Herbivore Reruns,10343,UCSDMI,2/12/2021,Hayden_BSU_Herbivore_Reruns_Plate_1-5_w_DHMC_Mills_Plate_2_S1_L001,210212_M05314_0275_000000000_JGYD5,Hayden_BSU_Herbivore_Reruns_Plate_5,Sequencing by synthesis,16S rRNA,V4,NA,NA,NA,RNBJ0628,Hayden_BSU_Herbivore_Reruns_Plate_5_TR8.6.16_E4,E4,Post Transition,Trixie
